Template Use Case/Title,Applicable SOPs,English Text,Mandarin Text,Last Updated
green location NA Specific Ashley Reports an Item is Returned,Problem with an Order (PWAO) SOP (DSC2S) NA > Specialty Supplier Exceptions,"Hello Ashley Furniture Team, Thank you for bringing this to our attention. We have proceeded with ordering a replacement for PO (enter PO # here). Please proceed with filling this new PO. We want to make sure all your concerns are heard, so if this issue persists, please feel free to reach back out in this thread, and I will be happy to further assist. Otherwise, if I've resolved your concerns for the time being, I hope you have a great day! Help us improve by sharing your feedback. You will receive an email shortly with a survey, or you can provide feedback on any closed tickets in Partner Home. We sincerely value your partnership. Thank you,",,
green location NA Specific Ashley Reports Item Returned - Item Delivered,Problem with an Order (PWAO) SOP (DSC2S) NA > Specialty Supplier Exceptions,"Hello Ashley Furniture Team, Thank you for bringing this to our attention. This PO shows as delivered. If the customer chooses to receive a replacement, a new PO will be sent to you. We want to make sure all your concerns are heard, so if this issue persists, please feel free to reach back out in this thread, and I will be happy to further assist. Otherwise, if I've resolved your concerns for the time being, I hope you have a great day! Help us improve by sharing your feedback. You will receive an email shortly with a survey, or you can provide feedback on any closed tickets in Partner Home. We sincerely value your partnership. Thank you,",,
green location NA Specific Ashley Furniture Reports Incorrect Ship Method,Problem with an Order (PWAO) SOP (DSC2S) NA > Specialty Supplier Exceptions,"Hello Ashley Furniture Team, Thank you for bringing this to our attention. I have canceled this PO and sent a new PO, PO # (Enter New PO Here) to your (Enter Warehouse Location) warehouse. To prevent this from happening in the future I will be moving this request to our shipping solutions team to update the ship method on (include item number) from ground to freight. Please note this will change the ticket from AOPS- to CARTON-. Thank you,",,
turquoise location Applies Globally (Ashley is NA Specific) Supplier is Fill/Kill *Or Ashley Furniture,Problem with an Order (PWAO) SOP (DSC2S) NA > Specialty Supplier Exceptions Product Out of Stock SOP (DSC2S) - VCN,"Hello [supplier name], Thank you for reaching out regarding this PO&rsquo;s status. We appreciate your consideration for our mutual customer. I can review this process with you today. Orders are sent for processing based on the active inventory we have at the time. Please be sure your inventory feed is updated to reflect accurate information so we may provide the best customer experience possible. Please note replacements can be sent regardless of inventory. I have canceled this order on your behalf and notified the customer of the completed cancellation request. We want to make sure all your concerns are heard, so if this issue persists, please feel free to reach back out in this thread, and I will be happy to further assist. Otherwise, if I've resolved your concerns for the time being, I hope you have a great day! Help us improve by sharing your feedback. You will receive an email shortly with a survey, or you can provide feedback on any closed tickets in Partner Home. We sincerely value your partnership. Thank you,",尊敬的[supplier name]供应商团队，您好： 感谢您就此订单的状态与我们联系。我们非常感谢您对我们共同客户的关注。今天我将与您一起重新梳理这一业务流程。 订单会根据下单时的库存情况进行处理。请确保您的库存表已更新，以便我们能够提供最佳的客户体验。请注意，无论库存状态如何，系统都可以发送补件订单。 我已经代表您取消了此订单，并通知了客户取消已完成。 我们希望确保您的所有问题都能得到解决，如果此问题仍然存在，请随时在此工单中联系我们，我将很乐意为您提供进一步的帮助。如果目前您的问题已得到解决，祝您一切顺利！ 谢谢，顺颂商祺！ [Agent Name] 请分享您的反馈，帮助我们改进服务。稍后您将收到一封包含调查问卷的电子邮件，或者您也可以在Partner Home上对任何已关闭的工单提供反馈。我们非常重视与您的合作。,
Serta/Simmons Reports PO Undeliverable/RTS,Problem with an Order (PWAO) SOP (DSC2S) NA > Specialty Supplier Exceptions,"Hello [Supplier Name], Thank you for bringing this to our attention, and I am happy to help resolve this for you today. I have cancelled the impacted PO&rsquo;s as requested for you. Please refer to Dropship Orders for any updated PO statuses as needed. If this issue persists, please feel free to reach back out in this thread, and I will be happy to further assist. Otherwise, if I've resolved your concerns for the time being, I hope you have a great day! Help us improve by sharing your feedback. You will receive an email shortly with a survey, or you can provide feedback on any closed tickets in Partner Home. We sincerely value your partnership. Thank you,",,
Supplier Reports Split Shipment,Problem with an Order (PWAO) SOP (DSC2S) NA > Specialty Supplier Exceptions,"Hello [supplier name], We appreciate your consideration for our mutual customer. I am able to resolve the error for this PO today and can confirm it has been successfully replaced. A new PO will generate in your order queue as normal. The new PO is PO#. We ask that in the future Wayfair orders are shipped complete as a replacement will need to be issued for the unshipped items because our system is unable to support partial shipments and changes cannot be made to purchase orders once they have been marked as shipped. If you have further questions or need additional information, please review the following Help Center article: https://partners.wayfair.com/help/2/article/1440 We want to make sure all your concerns are heard, so if this issue persists, please feel free to reach back out in this thread, and I will be happy to further assist. Otherwise, if I've resolved your concerns for the time being, I hope you have a great day! Help us improve by sharing your feedback. You will receive an email shortly with a survey, or you can provide feedback on any closed tickets in Partner Home. We sincerely value your partnership. Thank you, [Agent Name]",尊敬的[supplier name]供应商团队，您好： 感谢您能站在我们共同客户的角度考虑问题。今天我已经解决此订单的问题，并确认已成功重新下单。新的订单将自动生成在您的订单队列中。 新的订单编号为 PO#。 我们恳请您今后在 Wayfair 下单时务必一次性发货，因为漏发商品需要重新发货。我们的系统不支持部分发货，且一旦订单标记为已发货，便无法更改。 如果您有任何其他疑问或需要更多信息，请参阅以下帮助中心文章： https://partners.wayfair.com/help/2/article/1440 我们希望确保您的所有问题都能得到解决，如果此问题仍然存在，请随时在此工单中联系我们，我将很乐意为您提供进一步的帮助。如果目前您的问题已得到解决，祝您一切顺利！ 谢谢，顺颂商祺！ [Agent Name] 请分享您的反馈，帮助我们改进服务。稍后您将收到一封包含调查问卷的电子邮件，或者您也可以在Partner Home上对任何已关闭的工单提供反馈。我们非常重视与您的合作。,
green location NA Specific Commercial Use Products - Not Listed,Problem with an Order (PWAO) SOP (DSC2S) NA > General Order Inquiries,"Hello [supplier name], Thank you for reaching out for clarity on this order. This item is correctly labeled as residential under the product information. We do ask that you ship these. If you need a liability waiver from the customer please enter a Customer Clarification ticket to our customer outreach team who is able to reach out to the customer. You can do this by selecting ""submit a ticket"" on the left hand side of Partner Home > Order & PO Management > Customer information or order clarification needed. If you have any questions on this process, please review this help center article https://partners.wayfair.com/help/2/article/209 We want to make sure all your concerns are heard, so if this issue persists, please feel free to reach back out in this thread, and I will be happy to further assist. Otherwise, if I've resolved your concerns for the time being, I hope you have a great day! Help us improve by sharing your feedback. You will receive an email shortly with a survey, or you can provide feedback on any closed tickets in Partner Home. We sincerely value your partnership. Thank you,",,
green location NA Specific Commercial Use Products - Platinum+ Fulfillment,Problem with an Order (PWAO) SOP (DSC2S) NA > General Order Inquiries,"Hello [supplier name], Thank you for reaching out for clarity on this order. This item is correctly labeled as residential under the product information. It was placed by the high value business account manager contact who confirmed commercial use will not be covered under warranty. OR This is for a high value business customer and I have asked for our high value business team to inform the customer as well. (Option will change depending on whether or not Platinum+ Agent confirmed customer awareness prior to ticket closure) We do ask that you ship these. If you need a liability waiver from the customer please enter a Customer Clarification ticket to our customer outreach team who is able to reach out to the customer. You can do this by selecting ""submit a ticket"" on the left hand side of Partner Home > Order & PO Management > Customer information or order clarification needed. If you have any questions on this process, please review this help center article https://partners.wayfair.com/help/2/article/209 We want to make sure all your concerns are heard, so if this issue persists, please feel free to reach back out in this thread, and I will be happy to further assist. Otherwise, if I've resolved your concerns for the time being, I hope you have a great day! Help us improve by sharing your feedback. You will receive an email shortly with a survey, or you can provide feedback on any closed tickets in Partner Home. We sincerely value your partnership. Thank you,",,
green location NA Specific Fulfill Order - Non Platinum +,Problem with an Order (PWAO) SOP (DSC2S) NA > General Order Inquiries,"Hello [Supplier Name], Thank you for reaching out for clarity on this order. This item is correctly labeled as residential under the product information. This is for a high value business customer and I have asked for our high value business team to inform the customer as well. We do ask that you ship these. If you need a liability waiver from the customer please enter a Customer Clarification ticket to our customer outreach team who is able to reach out to the customer. We currently do not have a ticket transfer available to the customer outreach team but are working to get one. You can do this by selecting ""submit a ticket"" on the left hand side of Partner Home > Order & PO Management > Customer information or order clarification needed. If you have any questions on this process, please review this help center article https://partners.wayfair.com/help/2/article/209 Thanks again for reaching out. I am marking this ticket as complete. If you need further support with this issue, please comment to re-open. Help us improve by sharing your feedback. You will receive an email shortly with a survey, or you can provide feedback on any closed tickets in Partner Home. We sincerely value your partnership. Thank you, [Agent Name]","尊敬的[supplier name]供应商团队，您好： 感谢您就此订单与我们联系。该商品已被正确标记为住宅类型。此订单面向一位高价值企业客户，我已经要求我们的高价值企业团队通知该客户。 我们要求您发货。如果您需要客户的免责声明，请提交客户澄清工单（Customer Clarification）至我们的客户服务团队，他们会联系客户。目前我们暂不支持工单转接至客户服务团队，但我们正在努力开通此功能。 您可以通过Partner Home>订单和采购订单管理（Order & PO Management）>所需的客户信息或订单说明（Customer information or order clarification needed） 左侧的""提交工单""来完成此操作。 如果您对此流程有任何疑问，请参阅此帮助中心文章： https://partners.wayfair.com/help/2/article/209 我们希望确保您的所有问题都能得到解决，如果此问题仍然存在，请随时在此工单中联系我们，我将很乐意为您提供进一步的帮助。如果目前您的问题已得到解决，祝您一切顺利！ 谢谢，顺颂商祺！ [Agent Name] 请分享您的反馈，帮助我们改进服务。稍后您将收到一封包含调查问卷的电子邮件，或者您也可以在Partner Home上对任何已关闭的工单提供反馈。我们非常重视与您的合作。",
"green location NA Specific Pushback - B2B Fulfillment Dispute Should the supplier push back on process/policy after original response, please transfer them to SSD per the regular SSD transfer process.",Problem with an Order (PWAO) SOP (DSC2S) NA > General Order Inquiries,"Hello [supplier name], Thank you for reaching out regarding this PO&rsquo;s status. We appreciate your consideration for our mutual customers. I can review PO X with you today. Please refer to Dropship Orders for PO details and status. Wayfair does not place restrictions on the quantity of orders. Please fulfill this PO as is. This is noted as not having a commercial warranty and any commercial use will not be covered by warranty. We want to make sure all your concerns are heard, so if this issue persists, please feel free to reach back out in this thread, and I will be happy to further assist. Otherwise, if I've resolved your concerns for the time being, I hope you have a great day! Help us improve by sharing your feedback. You will receive an email shortly with a survey, or you can provide feedback on any closed tickets in Partner Home. We sincerely value your partnership. Thank you, [Agent Name]",尊敬的[supplier name]供应商团队，您好： 感谢您就此订单 (PO) 的状态与我们联系。非常感谢您对我们共同客户的支持。我今天可以和您一起查看 PO X。 有关该 PO 的详细信息和状态请查看自发货订单（Dropship Orders）页面。Wayfair 对订单数量没有限制。请按原订单要求正常履约。请注意，此 PO 不包含商业保修，任何商业用途均不在保修范围内。 我们希望确保您的所有问题都能得到解决，如果此问题仍然存在，请随时在此工单中联系我们，我将很乐意为您提供进一步的帮助。如果目前您的问题已得到解决，祝您一切顺利！ 谢谢，顺颂商祺！ [Agent Name] 请分享您的反馈，帮助我们改进服务。稍后您将收到一封包含调查问卷的电子邮件，或者您也可以在Partner Home上对任何已关闭的工单提供反馈。我们非常重视与您的合作。,
Mis-Shipped Item Retrieval IF TRANSFERRING: Ensure the SSAT statement is removed if transferring to FINSAP.,Problem with an Order (PWAO) SOP (DSC2S) NA > General Order Inquiries,"Note: The bolded section is only for if the supplier mentions trying to get paid for the mis-shipped item and the customer has called in confirming they received it. This does not apply to replacement part POs. Hello [Supplier Name], Thank you for reaching out regarding retrieving this shipped order. I'm happy to help address this today. We ask your team to always refer to Dropship Orders for the current PO status. We appreciate your consideration for our mutual customer in attempting to ship as quickly and accurately as possible, and understand some latency can occur between a status change and your warehouses being notified of the change. Unfortunately, Wayfair is unable to provide direct assistance with mis-shipped item retrieval. If our mutual customer reports receiving the order, our customer service specialists will work directly with them to help arrange for the item to be returned. I will be moving this ticket to the Finance Operations Team&rsquo;s queue to help address your concern. Please be on the lookout for their follow-up on this ticket within 72 hours. Please do not close this ticket until the issue is resolved with their team. For future dispute return requests, please submit a ticket via the following path: Submit a Ticket > Finance and Accounting > Get Help with Payments from Wayfair and Deduction Dispute or Invoice Not Paid Note: The Partner Home ticket identifier will change from AOPS- to FINSAP-. We want to make sure all your concerns are heard, so if this issue persists, please feel free to reach back out in this thread, and I will be happy to further assist. Otherwise, if I've resolved your concerns for the time being, I hope you have a great day! Help us improve by sharing your feedback. You will receive an email shortly with a survey, or you can provide feedback on any closed tickets in Partner Home. We sincerely value your partnership. Thank you, [Agent Name]",尊敬的[supplier name]供应商团队，您好： 感谢您就追回该已发货订单与我们联系。今天我很乐意协助您处理这一问题。 我们建议您的团队始终参考自发货订单（Dropship Orders）页面以获取最新的订单状态。非常感谢您为了我们共同的客户，在努力确保发货速度与准确性上所做的贡献，我们也理解状态变更到您的仓库收到通知之间可能会存在一些延迟。 很遗憾，Wayfair 无法直接协助您找回错发的商品。如果我们的共同客户报告已收到订单，我们的客户服务专员将直接与他们联系，协助安排退货事宜。 我会将此工单移至财务运营团队的队列，以便他们更好地处理您的问题。请留意他们72小时内对此工单的后续回复。在问题得到解决之前，请不要关闭此工单。 如需提交退款争议申请，请通过以下路径提交工单：Submit a Ticket（提交工单） > Finance and Accounting（财务与会计） > Get Help with Payments from Wayfair and Deduction Dispute or Invoice Not Paid（获取 Wayfair 付款帮助、扣款争议或发票未付）。 注意：该 Partner Home 工单的前缀将从AOPS- 更改为 FINSAP-。 我们希望确保您的所有问题都能得到解决，如果此问题仍然存在，请随时在此工单中联系我们，我将很乐意为您提供进一步的帮助。如果目前您的问题已得到解决，祝您一切顺利！ 谢谢，顺颂商祺！ [Agent Name] 请分享您的反馈，帮助我们改进服务。稍后您将收到一封包含调查问卷的电子邮件，或者您也可以在Partner Home上对任何已关闭的工单提供反馈。我们非常重视与您的合作。,
Update Customer Review,Problem with an Order (PWAO) SOP (DSC2S) NA > General Order Inquiries,"Hello [supplier name], Thank you for reaching out regarding this review. Unfortunately, the Click to Ship team is unable to remove reviews from the site. We strive to be as transparent with our customers as possible, and we encourage them to leave their feedback with any and all purchases they make from Wayfair. In order to ensure our customers are making the best, most informed purchases for themselves, it is Wayfair&rsquo;s policy that reviews never be altered or deleted. However, there is a review process for egregiously incorrect reviews (ie, the wrong product is being reviewed), and if you feel that this is the case, please reach out to the Supplier Service Desk at supplierservicedesk@wayfair.com . We also recommend focusing on aspects such as merchandising and fulfillment that will lead to a positive customer experience, and the good reviews that will result will certainly outweigh one less positive one! Thanks again for reaching out. I am marking this ticket as complete. If you need further support with this issue, please comment to re-open. Help us improve by sharing your feedback. You will receive an email shortly with a survey, or you can provide feedback on any closed tickets in Partner Home. We sincerely value your partnership. Thank you,",尊敬的[supplier name]供应商团队，您好： 感谢您就此评论与我们联系。很遗憾，Click to Ship 团队无法从网站上删除评论。我们致力于尽可能地对客户保持透明，并鼓励客户在 Wayfair 的所有购物后留下反馈。 为了确保我们的客户能够做出最明智的选择，Wayfair 的政策是绝不修改或删除评论。但是，对于严重错误的评论（例��，��论了错误的商品），我们会启动审核流程。如果您认为您的评论属于这种情况，请联系供应商服务台：supplierservicedesk@wayfair.com。 我们也建议您关注产品展示和履约等能够提升客户体验的方面，由此带来的好评绝对会远远盖过这一个差评！ 我们希望确保您的所有问题都能得到解决，如果此问题仍然存在，请随时在此工单中联系我们，我将很乐意为您提供进一步的帮助。如果目前您的问题已得到解决，祝您一切顺利！ 谢谢，顺颂商祺！ [Agent Name] 请分享您的反馈，帮助我们改进服务。稍后您将收到一封包含调查问卷的电子邮件，或者您也可以在Partner Home上对任何已关闭的工单提供反馈。我们非常重视与您的合作。,
green location NA Specific Wrong Carrier Used,Problem with an Order (PWAO) SOP (DSC2S) NA > General Order Inquiries,"Hello [supplier name], Thank you for reaching out. I can resolve this for you today. In review of this order, the tracking used does not match the carrier assigned to this PO which is why the system did not detect the tracking and why your team could not update the tracking. An exception has been made and I have confirmed this PO as shipped under the tracking provided. Please access Dropship Orders to generate Wayfair labels or follow your assigned carrier going forward. Please also reference the following Help Center article for additional information about the Dropship Orders tool: https://partners.wayfair.com/help/2/article/2949 We want to make sure all your concerns are heard, so if this issue persists, please feel free to reach back out in this thread, and I will be happy to further assist. Otherwise, if I've resolved your concerns for the time being, I hope you have a great day! Help us improve by sharing your feedback. You will receive an email shortly with a survey, or you can provide feedback on any closed tickets in Partner Home. We sincerely value your partnership. Thank you,",尊敬的[supplier name]供应商团队，您好： 感谢您的联系。今天我可以帮您解决这个问题。 经核实，此订单使用的追踪信息与分配给此订单的物流服务商不符，因此系统未能检测到该追踪信息，您的团队也无法更新追踪信息。鉴于此次特殊情况，我们已为您破例处理，并确认此订单已根据提供的追踪信息发货。 请访问自发货订单（Dropship Orders）界面生成 Wayfair 标签，或继续使用指定的物流服务商。有关自发货订单工具的更多信息，请参阅以下帮助中心文章： https://partners.wayfair.com/help/2/article/2949 我们希望确保您的所有问题都能得到解决，如果此问题仍然存在，请随时在此工单中联系我们，我将很乐意为您提供进一步的帮助。如果目前您的问题已得到解决，祝您一切顺利！ 谢谢，顺颂商祺！ [Agent Name] 请分享您的反馈，帮助我们改进服务。稍后您将收到一封包含调查问卷的电子邮件，或者您也可以在Partner Home上对任何已关闭的工单提供反馈。我们非常重视与您的合作。,
Supplier Requests to Combine POs,Problem with an Order (PWAO) SOP (DSC2S) NA > General Order Inquiries,"Hello [Supplier Name], Thank you for reaching out to request assistance with the shipping of these POs. I can help review this process with you today. Separate POs cannot be combined and must be treated individually in our system. As an exception, I have manually updated the tracking on these POs for you. Please process each order in Dropship Orders with their own label information. Please note if separate POs are combined under one tracking in the future, it will be counted as a mis-shipment and Wayfair will not assist in retrieving the product. We want to make sure all your concerns are heard, so if this issue persists, please feel free to reach back out in this thread, and I will be happy to further assist. Otherwise, if I've resolved your concerns for the time being, I hope you have a great day! Help us improve by sharing your feedback. You will receive an email shortly with a survey, or you can provide feedback on any closed tickets in Partner Home. We sincerely value your partnership. Thank you, [Agent Name]",尊敬的[supplier name]供应商团队，您好： 感谢您联系我们寻求关于这些订单（PO）发货的协助。今天我可以为您讲解并核对该流程。 不同的订单不能合并，必须在我们的系统中单独处理。作为例外情况，我已经手动更新了这些订单的运单号。 请在自发货订单（Dropship Orders）中为每个订单使用单独的标签信息。请注意，如果将来将不同的订单合并到一个运单号下，这将被视为误装货物，且 Wayfair 将不会协助追回相关商品。 我们希望确保您的所有问题都能得到解决，如果此问题仍然存在，请随时在此工单中联系我们，我将很乐意为您提供进一步的帮助。如果目前您的问题已得到解决，祝您一切顺利！ 谢谢，顺颂商祺！ [Agent Name] 请分享您的反馈，帮助我们改进服务。稍后您将收到一封包含调查问卷的电子邮件，或者您也可以在Partner Home上对任何已关闭的工单提供反馈。我们非常重视与您的合作。,
Part#/Listing/Qty Incorrect,Problem with an Order (PWAO) SOP (DSC2S) NA > PO Data Issues,"Hello [supplier name], Thank you for letting us know about the issue with the order quantities/part number. I can help resolve this. Because we are unable to make any changes to a PO once it has been submitted to your team, we have canceled this PO. For future instances of PO Data being incorrect or needing updates, please enter a ticket to Wayfair&rsquo;s Merchandising team. For more information on where to enter this ticket in PartnerHome, please review the below Help Center Article: https://partners.wayfair.com/help/2/article/209 To ensure that your items listing is correct, I will be transferring this ticket to our Merchandising team to help correct this issue. Note: The Partner Home ticket identifier will change from AOPS- to ENRICH-. Help us improve by sharing your feedback. You will receive an email shortly with a survey, or you can provide feedback on any closed tickets in Partner Home. We sincerely value your partnership. Thank you,",尊敬的[supplier name]供应商团队，您好： 感谢您告知我们订单数量/产品编码的问题。我可以协助您解决此问题。由于订单一旦提交给您的团队，我们就无法对其进行任何更改，因此我们已取消此订单。 如果您以后遇到订单数据错误或需要更新的情况，请向 Wayfair 的产品团队提交工单。有关如何在 PartnerHome 中提交工单的更多信息，请参阅以下帮助中心文章： https://partners.wayfair.com/help/2/article/2146 为确保您的产品链接信息准确无误，我会将此工单转交给我们的产品团队，以协助您解决此问题。 注意：该 Partner Home 工单的前缀将从AOPS- 更改为 ENRICH-。 谢谢， [Agent Name],
green location NA Specific Original B2B Order,Problem with an Order (PWAO) SOP (DSC2S) NA > PO Data Issues,"Hello [supplier name], Thank you for letting us know about the issue with the order quantities/part number. I can help resolve this. Because we are unable to make any changes to a PO once it has been submitted to your team, we have canceled this PO. For future instances of PO Data being incorrect or needing updates, please enter a ticket to Wayfair&rsquo;s Merchandising team. For more information on where to enter this ticket in PartnerHome, please review the below Help Center Article: https://partners.wayfair.com/help/2/article/209 To ensure that your items listing is correct, I will be transferring this ticket to our Merchandising team to help correct this issue. Note: The Partner Home ticket identifier will change from AOPS- to ENRICH-. Thank you,",尊敬的[supplier name]供应商团队，您好： 感谢您告知我们订单数量/产品编码的问题。我可以协助您解决此问题。由于订单一旦提交给您的团队，我们就无法对其进行任何更改，因此我们已取消此订单。 如果您以后遇到订单数据错误或需要更新的情况，请向 Wayfair 的产品团队提交工单。有关如何在 PartnerHome 中提交工单的更多信息，请参阅以下帮助中心文章： https://partners.wayfair.com/help/2/article/2146 为确保您的产品链接信息准确无误，我会将此工单转交给我们的产品团队，以协助您解决此问题。 注意：该 Partner Home 工单的前缀将从AOPS- 更改为 ENRICH-。 谢谢， [Agent Name],
MOQ - Can Fill As Parts,Problem with an Order (PWAO) SOP (DSC2S) NA > PO Data Issues,"Hello [Supplier Name], Thank you for letting us know about the quantity issue on this order. I can review this order with you today. I have canceled the replacement PO, and resubmitted this as a replacement part request, and you are able to proceed fulfilling that as needed. We want to make sure all your concerns are heard, so if this issue persists, please feel free to reach back out in this thread, and I will be happy to further assist. Otherwise, if I've resolved your concerns for the time being, I hope you have a great day! Help us improve by sharing your feedback. You will receive an email shortly with a survey, or you can provide feedback on any closed tickets in Partner Home. We sincerely value your partnership. Thank you,",尊敬的[supplier name]供应商团队，您好： 感谢您告知我们此订单的数量问题。我今天可以和您一起审核此订单。 我已经取消了补发订单，并重新提交了补发配件申请，您可以根据需要进行后续履约。 我们希望确保您的所有问题都能得到解决，如果此问题仍然存在，请随时在此工单中联系我们，我将很乐意为您提供进一步的帮助。如果目前您的问题已得到解决，祝您一切顺利！ 谢谢，顺颂商祺！ [Agent Name] 请分享您的反馈，帮助我们改进服务。稍后您将收到一封包含调查问卷的电子邮件，或者您也可以在Partner Home上对任何已关闭的工单提供反馈。我们非常重视与您的合作。,
Original Normal Order,Problem with an Order (PWAO) SOP (DSC2S) NA > PO Data Issues,"Hello [supplier name], Thank you for letting us know about the issue with the order quantities/part number. I can help resolve this. Because we are unable to make any changes to a PO once it has been submitted to your team, we have canceled this PO. For future instances of PO Data being incorrect or needing updates, please enter a ticket to Wayfair&rsquo;s Merchandising team. For more information on where to enter this ticket in PartnerHome, please review the below Help Center Article: https://partners.wayfair.com/help/2/article/209 To ensure that your items listing is correct, I will be transferring this ticket to our Merchandising team to help correct this issue. Note: The Partner Home ticket identifier will change from AOPS- to ENRICH-. Thank you,",尊敬的[supplier name]供应商团队，您好： 感谢您告知我们订单数量/产品编码的问题。我可以协助您解决此问题。由于订单一旦提交给您的团队，我们就无法对其进行任何更改，因此我们已取消此订单。 如果您以后遇到订单数据错误或需要更新的情况，请向 Wayfair 的产品团队提交工单。有关如何在 PartnerHome 中提交工单的更多信息，请参阅以下帮助中心文章： https://partners.wayfair.com/help/2/article/2146 为确保您的产品链接信息准确无误，我会将此工单转交给我们的产品团队，以协助您解决此问题。 注意：该 Partner Home 工单的前缀将从AOPS- 更改为 ENRICH-。 谢谢，顺颂商祺！ [Agent Name],
Replacement PO MOQ Clarification,Problem with an Order (PWAO) SOP (DSC2S) NA > PO Data Issues,"Hello [Supplier Name], Thank you for letting us know about the quantity issue on this order. I can review this order with you today. Because this is a replacement for a previous order, we want to ensure that our mutual customers needs are met. I will be transferring this request to Wayfair&rsquo;s outreach team who will be able to contact the customer and provide them alternative resolutions and then process the cancellation. As for this PO, please submit an order delay for the PO by 1 week to allow our outreach team time to work with the customer. For future _________ requests, please submit a &lsquo;Customer Information or order clarification needed&rsquo; ticket, so our outreach team can contact our mutual customer. You can do this by selecting ""submit a ticket"" on the left hand side of Partner Home > Order & PO Management > Customer information or order clarification needed. Note: The Partner Home ticket identifier will change from AOPS- to CMT-. Thank you,","尊敬的[supplier name]供应商团队，您好： 感谢您告知我们此订单的数量问题。今天我可以为您核对该订单的情况。由于这是之前订单的补发订单，我们希望确保满足我们共同客户的需求。 我会将此请求转交给 Wayfair 的外联团队，他们将联系客户并提供其他解决方案，然后处理取消事宜。 关于此订单，请提交订单延迟一周的申请，以便我们的客户关系团队有时间与客户沟通。 对于今后的_________请求，请提交所需的客户信息或订单说明（Customer Information or order clarification needed）工单，以便我们的外联团队联系我们的共同客户。 您可以以下步骤操作：在 Partner Home 左侧菜单栏选择 提交工单（Submit a ticket）> 订单和采购订单管理（Order & PO Management） > 所需的客户信息或订单说明（Customer information or order clarification needed）。 注意：该 Partner Home 工单的前缀将从AOPS- 更改为 CMT-。 谢谢！"" 谢谢，顺颂商祺！ [Agent Name]",
LP Return WSC <$/&euro;/&pound;500 and SP Return WSC <$/&euro;/&pound;50 (LP Return WSC < $500 & SP Return WSC < $50),Problem with an Order (PWAO) SOP (DSC2S) NA > Returns,"Hello [supplier name], Thank you for reaching out with this information. Please dispose/donate as you see fit. We understand your frustration about this return, and our finance team will be able to address it for you. You can dispute all Return credits on the Payment History page on Partner Home by selecting Submit a ticket > Finance & Accounting > Get Help with Payments From Wayfair > Deduction Dispute If you have any questions on this process, please review this help center article: https://partners.wayfair.com/help/2/article/2175 https://partners.wayfair.com/help/2/article/1935 I will be moving this ticket to the Finance Operations Team&rsquo;s queue to help address your request. Please be on the lookout for their follow-up on this ticket within 72 hours. Please do not close this ticket until the issue is resolved with their team. Note: The Partner Home ticket identifier will change from AOPS- to FINSAP-. Thank you,","尊敬的[supplier name]供应商团队，您好： 感谢您与我们联系并提供此信息。对于这批货物，请由您自行决定进行销毁或捐赠。 我们理解您对此次退货的不满，我们的财务团队将为您处理此事。 您可以在Partner Home的付款历史页面（Payment History），通过选择提交工单(Submit a ticket)>财务与会计(Finance & Accounting)>获取 Wayfair 付款帮助(Get Help with Payments From Wayfair)>扣款异议（Deduction Dispute)来对所有退货款项提出异议。 如果您对此流程有任何疑问，请参阅以下帮助中心文章： https://partners.wayfair.com/help/2/article/2175 https://partners.wayfair.com/help/2/article/1935 我会将此工单移至财务运营团队的队列，以便他们尽快处理您的请求。 请留意他们是否会在 72 小时内跟进此工单。在他们的团队解决问题之前，请不要关闭此工单。 注意：该 Partner Home 工单的前缀将从AOPS- 更改为 FINSAP-。 谢谢！""",
LP Return WSC >$/&euro;/&pound;500 and SP Return WSC >$/&euro;/&pound;50 (LP Return WSC > $500 & SP Return WSC >$50),Problem with an Order (PWAO) SOP (DSC2S) NA > Returns,"Hello [supplier name], Thank you for reaching out. Please move forward in shipping this package to our Florence, KY warehouse and bill Wayfair for the cost of shipping. Returns, Wayfair 5105 Renegade Way Florence, KY 41042 We understand your frustration about this return, and our finance team will be able to address it for you. You can dispute all Return credits on the Payment History page on Partner Home by selecting Submit a ticket > Finance & Accounting > Get Help with Payments From Wayfair > Deduction Dispute If you have any questions on this process, please review this help center article: https://partners.wayfair.com/help/2/article/2175 https://partners.wayfair.com/help/2/article/1935 I will be moving this ticket to the Finance Operations Team&rsquo;s queue to help address your request. Please be on the lookout for their follow-up on this ticket within 72 hours. Please do not close this ticket until the issue is resolved with their team. Note: The Partner Home ticket identifier will change from AOPS- to FINSAP-. Thank you,","尊敬的[supplier name]供应商团队，您好： 感谢您的联系。请将此包裹寄送至我们位于肯塔基州佛罗伦萨（Florence, KY）的仓库，并将运输费用由 Wayfair 承担。 Returns，Wayfair 5105 Renegade Way Florence, KY 41042 我们理解您对此次退货的不满，我们的财务团队将为您处理此事。 您可以在Partner Home的付款历史页面（Payment History），通过选择提交工单(Submit a ticket)>财务与会计(Finance & Accounting)>获取 Wayfair 付款帮助(Get Help with Payments From Wayfair)>扣款异议（Deduction Dispute)来对所有退货款项提出异议。 如果您对此流程有任何疑问，请参阅以下帮助中心文章： https://partners.wayfair.com/help/2/article/2175 https://partners.wayfair.com/help/2/article/1935 我会将此工单移至财务运营团队的队列，以便他们尽快处理您的请求。 请留意他们是否会在 72 小时内跟进此工单。在他们的团队解决问题之前，请不要关闭此工单。 注意：该 Partner Home 工单的前缀将从AOPS- 更改为 FINSAP-。 谢谢",
Return is not a Wayfair Item,Problem with an Order (PWAO) SOP (DSC2S) NA > Returns,"Hello [supplier name], Thank you for reaching out with this information. Please dispose/donate as you see fit. We understand your frustration about this return, and our finance team will be able to address it for you. You can dispute all return credits in Partner Home: Submit a Ticket > Finance and Accounting > Get Help with Payments from Wayfair and Deduction Dispute or Invoice Not Paid I will be moving this ticket to the Finance Operations Team&rsquo;s queue to help address your request. Please be on the lookout for their follow-up on this ticket within 72 hours. Please do not close this ticket until the issue is resolved with their team. For future dispute return requests, please enter a General Payment Inquiry ticket or enter a dispute. Note: The Partner Home ticket identifier will change from AOPS- to FINSAP-. Thank you,","尊敬的[supplier name]供应商团队，您好： 感谢您与我们联系并提供此信息。对于这批货物，请由您自行决定进行销毁或捐赠。 我们理解您对此次退货的不满，我们的财务团队将为您处理此事。您可以在Partner Home中对所有退货款项提出异议： 提交工单(Submit a ticket)>财务与会计(Finance & Accounting) > 获取 Wayfair 付款帮助、扣款争议或发票未付 我会将此工单移至财务运营团队的队列，以便他们处理您的请求。请留意他们在 72 小时内对此工单的跟进。在问题解决之前，请不要关闭此工单。 对于未来的退货争议请求，请提交""一般付款查询""工单或发起争议。 注意：该 Partner Home 工单标识符将从 AOPS- 更改为 FINSAP-。 谢谢！",
Dispute Return,Problem with an Order (PWAO) SOP (DSC2S) NA > Returns,"Hello [supplier name], Thank you for reaching out regarding this return. I can guide you through the right process for this and get this concern to the right team. We understand your frustration about this return, and our finance team will be able to address it for you. You can dispute all return credits in Partner Home by selecting Submit a ticket > Finance & Accounting > Get Help with Payments From Wayfair > Deduction Dispute I will be moving this ticket to the Finance Operations Team&rsquo;s queue to help address your request. Please be on the lookout for their response on this ticket within 72 hours. Please do not close this ticket until the issue is resolved with their team. Note: The Partner Home ticket identifier will change from AOPS- to FINSAP-. Thank you,",尊敬的[supplier name]供应商团队，您好： 感谢您就此次退货事宜与我们联系。我可以指导您完成正确的流程，并将您的问题转交给相关团队。我们理解您对此次退货的不满，我们的财务团队将竭诚为您解决问题。 您可以在Partner Home中对所有退货款项提出异议： 提交工单(Submit a ticket)>财务与会计(Finance & Accounting) > 获取 Wayfair 付款帮助(Get Help with Payments From Wayfair)>扣款异议（Deduction Dispute) 我会将此工单移至财务运营团队的队列，以便他们处理您的请求。请留意他们在 72 小时内对此工单的跟进。在问题解决之前，请不要关闭此工单。 注意：该 Partner Home 工单标识符将从 AOPS- 更改为 FINSAP-。 谢谢！,
Item Returned by Carrier - Replacement Needed,Problem with an Order (PWAO) SOP (DSC2S) NA > Returns,"Hello [supplier name], Thank you for reaching out regarding this matter. I apologize for the confusion around receiving this item back. I have processed a replacement to ensure our mutual customer receives their item in a timely manner. The new PO for this order is PO # (FILL IN THE BLANK). Should you need any further assistance please reopen this ticket so that we can address your concerns. Help us improve by sharing your feedback. You will receive an email shortly with a survey, or you can provide feedback on any closed tickets in Partner Home. We sincerely value your partnership. Thank you,",尊敬的[supplier name]供应商团队，您好： 感谢您就此事与我们联系。对于您退货过程中遇到的问题，我们深表歉意。 为了确保我们的共同客户能够及时收到商品，我们已为您安排了补发。新的订单号为 PO # 。 谢谢！ 我们希望确保您的所有问题都能得到解决，如果此问题仍然存在，请随时在此工单中联系我们，我将很乐意为您提供进一步的帮助。如果目前您的问题已得到解决，祝您一切顺利！ 谢谢，顺颂商祺！ [Agent Name] 请分享您的反馈，帮助我们改进服务。稍后您将收到一封包含调查问卷的电子邮件，或者您也可以在Partner Home上对任何已关闭的工单提供反馈。我们非常重视与您的合作。,
green location NA Specific SU Received Consumer Credits Email,Problem with an Order (PWAO) SOP (DSC2S) NA > Returns,"Hi Valued Supplier Team, I apologize for the frustration in receiving the emails to confirm cancellations have been received. There is a known error with these that our tech team has been looking into. These emails are from an old process that is no longer used. Currently if we do not show movement on return tracking or do not receive a return tracking number from the customer we do not process a return credit to the customer as the customer will contact us to provide the return tracking information. Updating the return expectations for customers negated the need for our vendor accounts to spend time responding to confirm returns have been received if we do not show movement on return tracking. The system shows these emails are off but we know some are occasionally generated to suppliers and the tech team has not yet determined why these are being sent or what is triggering them. No action is needed on any emails generated to you from customercredits@wayfair.com . I have reported your request as part of the ongoing issue. Please feel free to disregard any future emails from this email address. Help us improve by sharing your feedback. You will receive an email shortly with a survey, or you can provide feedback on any closed tickets in Partner Home. We sincerely value your partnership. Best,",尊敬的[supplier name]供应商团队，您好： 对于您在收到确认已收到退货的邮件时所产生的困扰，我深表歉意。目前系统确实存在一个已知错误，我们的技术团队也正在对此进行调查。这些邮件其实属于一套早已不再使用的旧流程。 目前，如果我们在退货物流没有显示任何进展，或者没有收到客户提供的退货运单号，我们将不会向客户处理退款。通过更新针对客户的退货预期，只要退货物流没有更新，我们就不再需要供应商特意花时间去回复并确认已收到退货。 系统显示这些邮件本应处于关闭状态，但我们知道偶尔还是会有一些邮件发送给供应商，技术团队尚未确定这些邮件的发送原因或触发机制。您无需对来自 customercredits@wayfair.com 的任何邮件采取任何行动。我已经将您的诉求作为此问题的后续处理事项之一上报。 请忽略来自此邮箱地址的任何后续邮件。 我们希望确保您的所有问题都能得到解决，如果此问题仍然存在，请随时在此工单中联系我们，我将很乐意为您提供进一步的帮助。如果目前您的问题已得到解决，祝您一切顺利！ 谢谢，顺颂商祺！ [Agent Name] 请分享您的反馈，帮助我们改进服务。稍后您将收到一封包含调查问卷的电子邮件，或者您也可以在Partner Home上对任何已关闭的工单提供反馈。我们非常重视与您的合作。,
Item has been RTS (Item_RTS),Problem with an Order (PWAO) SOP (DSC2S),"Hi {SU Name}/Team, Thank you for letting us know that this order has been returned to you. Our Customer Service team will now get in touch with our customer and offer either a replacement or a refund. If a replacement is ordered, then you will receive a new PO number to reship this order. If a refund is processed, then there is no need for further action from you. Please allow op to 48 hours for an update to be seen on this order. Thanks again for reaching out. This ticket is now marked as complete. If you do need further support with this issue, please add a comment to re-open. Help us improve by sharing your feedback. You will receive an email shortly with a survey, or you can provide feedback on any closed tickets in Partner Home. We sincerely value your partnership. Kind Regards,",尊敬的[supplier name]供应商团队，您好： 感谢您告知我们此订单已退回。 我们的客服团队将与客户取得联系，并提供补发或退款方案。 如果选择补发，您将收到一个新的订单号，用于重新发货。 如果选择退款，您无需采取任何进一步行动。请耐心等待 48 小时，以便查看订单状态更新。 谢谢！ 我们希望确保您的所有问题都能得到解决，如果此问题仍然存在，请随时在此工单中联系我们，我将很乐意为您提供进一步的帮助。如果目前您的问题已得到解决，祝您一切顺利！ 谢谢，顺颂商祺！ [Agent Name] 请分享您的反馈，帮助我们改进服务。稍后您将收到一封包含调查问卷的电子邮件，或者您也可以在Partner Home上对任何已关闭的工单提供反馈。我们非常重视与您的合作。,
Replacement Part Confirm Charges Request (RP_Charges),Problem with an Order (PWAO) SOP (DSC2S),"Hi {SU Name}/Team, Thank you for reaching out to clarify the replacement parts process. Replacement Parts are not covered in the Damage and Defect Allowance, and you should send these to the customer at your own expense. You can find more information on the Damage and Defect Allowance here: https://partners.wayfair.com/help/2/article/2722 . Please ship these parts by the must-ship-by date. If this PO is late for shipment, please delay it on Partner Home as per the guidance here: https://partners.wayfair.com/help/2/article/1440 Thanks again for reaching out. I am marking this ticket as complete. If you need further support with this issue, please comment to re-open. Help us improve by sharing your feedback. You will receive an email shortly with a survey, or you can provide feedback on any closed tickets in Partner Home. We sincerely value your partnership. Kind Regards,",尊敬的[supplier name]供应商团队，您好： 感谢您联系我们，了解补发配件的流程。 补发配件不在损坏和缺陷津贴赔偿范围内，您需要自行承担寄送给客户的费用。 您可以点击此处查看更多关于损坏和缺陷津贴的信息： https://partners.wayfair.com/help/2/article/2722。 请在规定的最晚发货日期前寄出这些配件。如果此订单的发货日期已过，请按照此处的指南在Partner Home上延迟发货： https://partners.wayfair.com/help/2/article/1440。 我们希望确保您的所有问题都能得到解决，如果此问题仍然存在，请随时在此工单中联系我们，我将很乐意为您提供进一步的帮助。如果目前您的问题已得到解决，祝您一切顺利！ 谢谢，顺颂商祺！ [Agent Name] 请分享您的反馈，帮助我们改进服务。稍后您将收到一封包含调查问卷的电子邮件，或者您也可以在Partner Home上对任何已关闭的工单提供反馈。我们非常重视与您的合作。,
Replacement Parts Decision (RP_Decision),Problem with an Order (PWAO) SOP (DSC2S),"Hi {SU Name}/Team, Thank you for reaching out to clarify the replacement parts process. Our specialised customer service team reviews all available options with our mutual customers to ensure they provide the most suitable resolution. This customer has agreed that replacement parts are the best option for them. You can find more information on replacement parts here: https://partners.wayfair.com/help/2/article/2883 . Please ship these parts by the must-ship-by date. If this PO is late for shipment, please delay it on Partner Home as per the guidance here: https://partners.wayfair.com/help/2/article/1440 . Thanks again for reaching out. I am marking this ticket as complete. If you need further support with this issue, please comment to re-open. Help us improve by sharing your feedback. You will receive an email shortly with a survey, or you can provide feedback on any closed tickets in Partner Home. We sincerely value your partnership. Kind Regards,",尊敬的[supplier name]供应商团队，您好： 感谢您联系我们，了解补发配件的流程。 我们专业的客户服务团队会与客户一起审核所有可行的方案，以确保提供最合适的解决方案。这位客户已同意补发配件是最佳选择。 您可以点击此处查看更多关于补发配件的信息： https://partners.wayfair.com/help/2/article/2883。 请在规定的最晚发货日期前寄出这些配件。如果此订单的发货日期已过，请按照此处的指南在Partner Home上延迟发货： https://partners.wayfair.com/help/2/article/1440。 我们希望确保您的所有问题都能得到解决，如果此问题仍然存在，请随时在此工单中联系我们，我将很乐意为您提供进一步的帮助。如果目前您的问题已得到解决，祝您一切顺利！ 谢谢，顺颂商祺！ [Agent Name] 请分享您的反馈，帮助我们改进服务。稍后您将收到一封包含调查问卷的电子邮件，或者您也可以在Partner Home上对任何已关闭的工单提供反馈。我们非常重视与您的合作。,
Replacement Parts - Part Information Needed,Problem with an Order (PWAO) SOP (DSC2S),"Hello [supplier name], Thank you for your request. _____________ requests are not handled through this ticket type but instead, by our Replacement Parts team. Go to Dropship Orders > Replacement Parts. Locate the part you are reviewing and select the hyperlink in the Tasks column. Click Need Support. Select either: Part Information Needed (PIN), or Replacement Part is Not a Resolution, depending on your requirement. Click ""Need Support"", select the appropriate reason. Important : You can only enter requests for more part information before the part has been confirmed. If you have already confirmed the replacement part, we expect you to ship the request. If the part is cancelled you may be liable for the cost of a whole unit replacement. You can refer to the following Help Center article on replacement part orders which has some helpful references, as well as the best ticket path to follow to address your needs: https://partners.wayfair.com/help/2/article/2883 Help us improve by sharing your feedback. You will receive an email shortly with a survey, or you can provide feedback on any closed tickets in Partner Home. We sincerely value your partnership. Best,",,
Supplier Managed Returns (SMR),Problem with an Order (PWAO) SOP (DSC2S),"Hi {SU Name}/Team, Thank you for reaching out for clarification on our returns process. You are set up for Supplier Managed Returns, which means we will return all items to your chosen location, regardless of their condition. One exception is returns that would cross an international border, which are subject to the Wayfair Managed Returns program. You can view and edit your returns setup on Partner Home. Click the Person icon in the top right corner and select Returns Management. You can find more information on our Buyer's Remorse Returns Management Programs here: https://partners.wayfair.com/help/2/article/1547 . To review how we handle incidents as advised in your Damage and Defect Allowance (DDA), please see https://partners.wayfair.com/help/2/article/2722 . Thanks again for reaching out. I am marking this ticket as complete. If you need further support with this issue, please comment to re-open. Help us improve by sharing your feedback. You will receive an email shortly with a survey, or you can provide feedback on any closed tickets in Partner Home. We sincerely value your partnership. Kind Regards,",尊敬的[supplier name]供应商团队，您好： 感谢您联系我们咨询退货流程。 您已设置供应商自行管理的退货，这意味着无论商品状况如何，我们都会将所有商品退回至您选择的地点。 但跨境退货除外，此类退货需遵循 Wayfair 管理的退货计划。 您可以在Partner Home查看和编辑您的退货设置。点击右上角的人物图标，然后选择退货管理。 您可以在此处找到更多关于客户无理由退货管理的信息： https://partners.wayfair.com/help/2/article/1547。 如需了解我们如何根据您的损坏和缺陷津贴 (DDA) 条款处理此类事件，请访问 https://partners.wayfair.com/help/2/article/2722。 我们希望确保您的所有问题都能得到解决，如果此问题仍然存在，请随时在此工单中联系我们，我将很乐意为您提供进一步的帮助。如果目前您的问题已得到解决，祝您一切顺利！ 谢谢，顺颂商祺！ [Agent Name] 请分享您的反馈，帮助我们改进服务。稍后您将收到一封包含调查问卷的电子邮件，或者您也可以在Partner Home上对任何已关闭的工单提供反馈。我们非常重视与您的合作。,
Wayfair Managed Returns (WMR),Problem with an Order (PWAO) SOP (DSC2S),"Hi {SU Name}/Team, Thank you for reaching out for clarification on our returns process. You are set up for Wayfair Managed Returns, which means we handle all returns and receive the returned products at our warehouses. We will work to resell and recover the cost of the returned items. You can view and edit your returns setup on Partner Home. Click the Person icon in the top right corner and select Returns Management. You can find more information on our Buyer's Remorse Returns Management Programs here: https://partners.wayfair.com/help/2/article/1547 . To review how we handle incidents as advised in your Damage and Defect Allowance (DDA), please see https://partners.wayfair.com/help/2/article/2722 . Thanks again for reaching out. I am marking this ticket as complete. If you need further support with this issue, please comment to re-open. Help us improve by sharing your feedback. You will receive an email shortly with a survey, or you can provide feedback on any closed tickets in Partner Home. We sincerely value your partnership. Kind Regards,",尊敬的[supplier name]供应商团队，您好： 感谢您联系我们咨询退货流程。 您已开通 Wayfair 管理的退货服务，这意味着我们将处理所有退货，并在我们的仓库接收退回的商品。我们将致力于重新销售这些商品，以此来收回退货成本。 您可以在Partner Home查看和编辑您的退货设置。点击右上角的人物图标，然后选择退货管理。 您可以在此处找到更多关于客户无理由退货管理的信息： https://partners.wayfair.com/help/2/article/1547。 如需了解我们如何根据您的损坏和缺陷津贴 (DDA) 条款处理此类事件，请访问 https://partners.wayfair.com/help/2/article/2722。 我们希望确保您的所有问题都能得到解决，如果此问题仍然存在，请随时在此工单中联系我们，我将很乐意为您提供进一步的帮助。如果目前您的问题已得到解决，祝您一切顺利！ 谢谢，顺颂商祺！ [Agent Name] 请分享您的反馈，帮助我们改进服务。稍后您将收到一封包含调查问卷的电子邮件，或者您也可以在Partner Home上对任何已关闭的工单提供反馈。我们非常重视与您的合作。,
Received Return in Error (WMR_Return_Received),Problem with an Order (PWAO) SOP (DSC2S),"Hi {SU Name}/Team, Thank you for letting us know this was returned to you. I am sorry for any inconvenience caused. As you have opted for Wayfair Managed Returns, this order should have been sent to our warehouse. Please consider this an exception and, if possible, add the item back to your active stock for future orders. If the item does not pass quality checks, please enter an Accounting ticket to discuss any credit disputes or deductions with our Finance team. To review how we handle incidents as advised in your Damage and Defect Allowance (DDA), please see https://partners.wayfair.com/help/2/article/2722 . Thanks again for reaching out. I am marking this ticket as complete. If you need further support with this issue, please comment to re-open. Help us improve by sharing your feedback. You will receive an email shortly with a survey, or you can provide feedback on any closed tickets in Partner Home. We sincerely value your partnership. Kind Regards,",尊敬的[supplier name]供应商团队，您好： 感谢您告知我们商品已退回。对于由此造成的不便，我们深表歉意。 由于您选择了 Wayfair 管理的退货服务，该订单本应已发送至我们的仓库。请将本次情况视为例外情况，并尽可能将该商品重新添加到您的库存中，以便用于后续的订单。 如果该商品未通过质量检查，请提交会计（Accounting）工单，与我们的财务团队讨论任何扣款争议或扣款事宜。 如需了解我们如何根据您的损坏和缺陷津贴 (DDA) 条款处理此类事件，请访问 https://partners.wayfair.com/help/2/article/2722。 我们希望确保您的所有问题都能得到解决，如果此问题仍然存在，请随时在此工单中联系我们，我将很乐意为您提供进一步的帮助。如果目前您的问题已得到解决，祝您一切顺利！ 谢谢，顺颂商祺！ [Agent Name] 请分享您的反馈，帮助我们改进服务。稍后您将收到一封包含调查问卷的电子邮件，或者您也可以在Partner Home上对任何已关闭的工单提供反馈。我们非常重视与您的合作。,
Querying Return Email (Return_Email),Problem with an Order (PWAO) SOP (DSC2S),"Hi {SU Name}/Team, Thank you for reaching out for clarification on this return. This email was sent to notify you that the customer has created a return for this order. You do not need to take any action or respond to this email. You can find more information on our Buyer's Remorse Returns Management Programs here: https://partners.wayfair.com/help/2/article/1547 . Thanks again for reaching out. I am marking this ticket as complete. If you need further support with this issue, please comment to re-open. Help us improve by sharing your feedback. You will receive an email shortly with a survey, or you can provide feedback on any closed tickets in Partner Home. We sincerely value your partnership. Kind Regards,",尊敬的[supplier name]供应商团队，您好： 感谢您联系我们咨询此次退货事宜。 发送此邮件旨在通知您：客户已为此订单创建了退货申请。您无需采取任何行动或回复此邮件。 您可以在此处找到更多关于客户无理由退货管理的信息： https://partners.wayfair.com/help/2/article/1547。 我们希望确保您的所有问题都能得到解决，如果此问题仍然存在，请随时在此工单中联系我们，我将很乐意为您提供进一步的帮助。如果目前您的问题已得到解决，祝您一切顺利！ 谢谢，顺颂商祺！ [Agent Name] 请分享您的反馈，帮助我们改进服务。稍后您将收到一封包含调查问卷的电子邮件，或者您也可以在Partner Home上对任何已关闭的工单提供反馈。我们非常重视与您的合作。,
Querying Reason for Return (Return_Reason),Problem with an Order (PWAO) SOP (DSC2S),"Hi {SU Name}/Team, Thank you for reaching out for clarification on this return. The customer did not provide a specific reason for returning this item. We consider this to be due to Buyer's Remorse. You can find more information on our Buyer's Remorse Returns Management Programs here: https://partners.wayfair.com/help/2/article/1547 . Thanks again for reaching out. I am marking this ticket as complete. If you need further support with this issue, please comment to re-open. Help us improve by sharing your feedback. You will receive an email shortly with a survey, or you can provide feedback on any closed tickets in Partner Home. We sincerely value your partnership. Kind Regards,",尊敬的[supplier name]供应商团队，您好： 感谢您联系我们咨询此次退货事宜。 客户未提供具体的退货原因。我们将其视为客户无理由退货。 您可以在此处找到更多关于客户无理由退货管理的信息： https://partners.wayfair.com/help/2/article/1547。 我们希望确保您的所有问题都能得到解决，如果此问题仍然存在，请随时在此工单中联系我们，我将很乐意为您提供进一步的帮助。如果目前您的问题已得到解决，祝您一切顺利！ 谢谢，顺颂商祺！ [Agent Name] 请分享您的反馈，帮助我们改进服务。稍后您将收到一封包含调查问卷的电子邮件，或者您也可以在Partner Home上对任何已关闭的工单提供反馈。我们非常重视与您的合作。,
Item has been RTS (RTS_Resolution_Actioned),Problem with an Order (PWAO) SOP (DSC2S),"Hi {SU Name}/Team, Thank you for letting us know that this order has been returned to you. Our Customer Service team has already processed a (REPLACEMENT/REFUND) for our customer. (The replacement PO number is PO NUMBER.) Please add the item back to your active stock for future orders. If this does not pass quality checks, please enter an Accounting ticket to discuss any credit disputes or deductions with our Finance team. To review how we handle incidents as advised in your Damage and Defect Allowance (DDA), please see https://partners.wayfair.com/help/2/article/2722 . Thanks again for reaching out. I am marking this ticket as complete. If you need further support with this issue, please comment to re-open. Help us improve by sharing your feedback. You will receive an email shortly with a survey, or you can provide feedback on any closed tickets in Partner Home. We sincerely value your partnership. Kind Regards,",尊敬的[supplier name]供应商团队，您好： 感谢您告知我们此订单已退回。 我们的客户服务团队已为客户处理了（补发/退款）。（补发的订单号为 PO NUMBER。） 请将此商品重新添加到您的库存中，以便用于后续的订单。如果该商品未通过质量检查，请提交会计（Accounting）工单，与我们的财务团队讨论任何扣款争议或扣款事宜。 如需了解我们如何根据您的损坏和缺陷津贴 (DDA) 条款处理此类事件，请访问 https://partners.wayfair.com/help/2/article/2722。 我们希望确保您的所有问题都能得到解决，如果此问题仍然存在，请随时在此工单中联系我们，我将很乐意为您提供进一步的帮助。如果目前您的问题已得到解决，祝您一切顺利！ 谢谢，顺颂商祺！ [Agent Name] 请分享您的反馈，帮助我们改进服务。稍后您将收到一封包含调查问卷的电子邮件，或者您也可以在Partner Home上对任何已关闭的工单提供反馈。我们非常重视与您的合作。,
Requesting Return Tracking (Return_Tracking),Problem with an Order (PWAO) SOP (DSC2S),"Hi {SU Name}/Team, Thank you for reaching out regarding the return tracking. The parcel is being returned with ( CARRIER ), and the tracking number is ( TRACKING ). You can find more information on our Buyer's Remorse Returns Management Programs here: https://partners.wayfair.com/help/2/article/1547 . To review how we handle incidents as advised in your Damage and Defect Allowance (DDA), please see https://partners.wayfair.com/help/2/article/2722 . If you have questions about your invoices or deductions, please enter an Accounting ticket to discuss with our Finance team. Thanks again for reaching out. I am marking this ticket as complete. If you need further support with this issue, please comment to re-open. Help us improve by sharing your feedback. You will receive an email shortly with a survey, or you can provide feedback on any closed tickets in Partner Home. We sincerely value your partnership. Kind Regards,",尊敬的[supplier name]供应商团队，您好： 感谢您就退货追踪信息事宜与我们联系。 包裹已由（CARRIER）承运，运单号为（TRACKING）。 您可以在此处找到更多关于客户无理由退货管理的信息： https://partners.wayfair.com/help/2/article/1547。 如需了解我们如何根据您的损坏和缺陷津贴 (DDA) 条款处理此类事件，请访问 https://partners.wayfair.com/help/2/article/2722。 如果您对发票或扣款有任何疑问，请提交会计（Accounting）工单，与我们的财务团队联系。 我们希望确保您的所有问题都能得到解决，如果此问题仍然存在，请随时在此工单中联系我们，我将很乐意为您提供进一步的帮助。如果目前您的问题已得到解决，祝您一切顺利！ 谢谢，顺颂商祺！ [Agent Name] 请分享您的反馈，帮助我们改进服务。稍后您将收到一封包含调查问卷的电子邮件，或者您也可以在Partner Home上对任何已关闭的工单提供反馈。我们非常重视与您的合作。,
Replacement or Duplicate,Problem with an Order (PWAO) SOP (DSC2S) NA > Replacement PO Investigation,"Hello [supplier name], Thank you for reaching out about this PO. I apologize if this caused any confusion, but I am happy to help clarify. In this case PO # was replaced by PO # due to (include reason for replacement in the notes i.e. damage/defective/lost/wrong item) and is considered valid. It is not a duplicate PO. Replacement POs do receive payment as any new PO and if we seek credit, this will be done on the original PO. If you see a credit request for this PO, please respond to the credit request with a dispute. Please note for future instances, that any PO that has been issued by Wayfair is to be considered valid and the new PO will need to be processed. Photos are requested at the time customers report any issues. Please note that customers are not required to provide images. Please refer to the following help center article that will walk you through the Supplier Claims processes if necessary: https://partners.wayfair.com/help/2/article/2175 Thank you for your patience and understanding with Wayfair's replacement process. We want to make sure all your concerns are heard, so if this issue persists, please feel free to reach back out in this thread, and I will be happy to further assist. Otherwise, if I've resolved your concerns for the time being, I hope you have a great day! Help us improve by sharing your feedback. You will receive an email shortly with a survey, or you can provide feedback on any closed tickets in Partner Home. We sincerely value your partnership. Thank you,",尊敬的[supplier name]供应商团队，您好： 感谢您就此订单 (PO) 联系我们。如果此前给您带来了任何困惑，我深表歉意，同时我很乐意今天为您进行解答。 在此情况下，由于（请在备注中注明更换原因，例如：损坏/缺陷/丢失/发错货），订单号 # 被替换为订单号 #，且该补发订单有效，并非重复订单。替换后的补发订单与任何新订单一样会收到付款，如果我们需要扣款，将针对原订单进行。如果您看到针对此订单的扣款，请回复该扣款并提出异议。 请注意，凡是由 Wayfair 下发的订单均视为有效，新的订单需要进行处理和履约。 我们会在客户报告任何问题时索要照片。请注意，平台并未强制要求客户必须提供图片。 如有需要，请参阅以下帮助中心文章，其中将指导您了解供应商索赔流程： https://partners.wayfair.com/help/2/article/2175 我们希望确保您的所有问题都能得到解决，如果此问题仍然存在，请随时在此工单中联系我们，我将很乐意为您提供进一步的帮助。如果目前您的问题已得到解决，祝您一切顺利！ 谢谢，顺颂商祺！ [Agent Name] 请分享您的反馈，帮助我们改进服务。稍后您将收到一封包含调查问卷的电子邮件，或者您也可以在Partner Home上对任何已关闭的工单提供反馈。我们非常重视与您的合作。,
Replacement Part Fulfill with Full Unit,Problem with an Order (PWAO) SOP (DSC2S) NA > Replacement PO Investigation,"Hello [Supplier Name], Thank you for reaching out to ensure our mutual customer is taken care of. We are happy to assist you with this request. We have proceeded with canceling the replacement parts and have ordered a replacement unit. That new PO is [PO Number]. Please proceed with fulfilling this replacement. Please note that per our replacement part policy: When a replacement part is the best resolution to a customer&rsquo;s issue, Wayfair will submit a request to you to fulfill the replacement part. This will be at the sole expense of the supplier (i.e. both shipping the part, and the cost of the part itself). If the requested replacement part is not provided and a full replacement unit is shipped instead, you are responsible for the new unit&rsquo;s wholesale cost and associated shipping costs. We want to make sure all your concerns are heard, so if this issue persists, please feel free to reach back out in this thread, and I will be happy to further assist. Otherwise, if I've resolved your concerns for the time being, I hope you have a great day! Help us improve by sharing your feedback. You will receive an email shortly with a survey, or you can provide feedback on any closed tickets in Partner Home. We sincerely value your partnership. Thank you, [Agent Name]",尊敬的[supplier name]供应商团队，您好： 感谢您联系我们，致力于为我们共同的客户提供妥善的服务。我们很乐意协助您处理这一请求。 我们已取消补发配件的订单，并订购了补发整件。新的订单号为[PO Number]。请尽快完成此次补发。 请注意，根据我们的补发配件政策：当补发配件是解决客户问题的最佳方案时，Wayfair 将向您提交补发配件的请求。所有费用（包括配件的运费和配件本身的成本）均由供应商承担。如果未能提供您要求的补发配件，而是直接寄送了整件，则您需要承担新商品的供货价和运输成本。 我们希望确保您的所有问题都能得到解决，如果此问题仍然存在，请随时在此工单中联系我们，我将很乐意为您提供进一步的帮助。如果目前您的问题已得到解决，祝您一切顺利！ 谢谢，顺颂商祺！ [Agent Name] 请分享您的反馈，帮助我们改进服务。稍后您将收到一封包含调查问卷的电子邮件，或者您也可以在Partner Home上对任何已关闭的工单提供反馈。我们非常重视与您的合作。,
green location NA Specific Supplier Requests Photos,Problem with an Order (PWAO) SOP (DSC2S) NA > Replacement PO Investigation,"Hello [supplier name], Thank you for reaching out. I'm happy to address this for you today. Photos are requested at the time customers report any issues. Please note that customers are not required to provide images. Thanks again for reaching out. I am marking this ticket as complete. If you need further support with this issue, please comment to re-open. Help us improve by sharing your feedback. You will receive an email shortly with a survey, or you can provide feedback on any closed tickets in Partner Home. We sincerely value your partnership. Thank you,",尊敬的[supplier name]供应商团队，您好： 感谢您与我们联系。今天我很乐意为您解答这一问题。 我们会在客户反馈问题时索要照片。请注意，客户并非必须提供图片。 我们希望确保您的所有问题都能得到解决，如果此问题仍然存在，请随时在此工单中联系我们，我将很乐意为您提供进一步的帮助。如果目前您的问题已���到���决，祝您一切顺利！ 谢谢，顺颂商祺！ [Agent Name] 请分享您的反馈，帮助我们改进服务。稍后您将收到一封包含调查问卷的电子邮件，或者您也可以在Partner Home上对任何已关闭的工单提供反馈。我们非常重视与您的合作。,
magenta location EU Specific Incident Photo Request (Incident_Photo_Request),Problem with an Order (PWAO) SOP (DSC2S),"Hi {SU Name}/Team, Thank you for your query on this replacement order. We have requested photos, which you can view using the Deductions Tool once uploaded by the customer. A guide to this tool can be found here: https://partners.wayfair.com/help/2/article/2178 . However, we do not require images to proceed with a resolution for our mutual customers, and we ask that you ship this by its must-ship-by date. If this PO is late for shipment, please delay it on Partner Home. You can find instructions here: https://partners.wayfair.com/help/2/article/1440 Replacement POs receive payment in the same way as new POs. If credit is required, we will request it on the original PO. You can review how to manage your deductions here: https://partners.wayfair.com/help/2/article/2175 . Thanks again for reaching out. I am marking this ticket as complete. If you need further support with this issue, please comment to re-open. Help us improve by sharing your feedback. You will receive an email shortly with a survey, or you can provide feedback on any closed tickets in Partner Home. We sincerely value your partnership. Kind Regards,",尊敬的[supplier name]供应商团队，您好： 感谢您咨询此补发订单。 我们已经向客户索要照片，客户上传后，您可以使用扣款工具（Deductions Tool）查看。该工具的使用指南请见此处： https://partners.wayfair.com/help/2/article/2178。 然而，为了能及时为我们共同的客户解决问题，平台并不强制要求客户必须提供图片，请您在规定的最晚发货日期前发货。如果此订单发货延迟，请在Partner Home中延迟发货。相关说明请见此处： https://partners.wayfair.com/help/2/article/1440。 补发订单的付款方式与新订单相同。如果需要退款，我们会在原订单中进行。您可以点击此处查看如何管理扣款： https://partners.wayfair.com/help/2/article/2175。 我们希望确保您的所有问题都能得到解决，如果此问题仍然存在，请随时在此工单中联系我们，我将很乐意为您提供进一步的帮助。如果目前您的问题已得到解决，祝您一切顺利！ 谢谢，顺颂商祺！ [Agent Name] 请分享您的反馈，帮助我们改进服务。稍后您将收到一封包含调查问卷的电子邮件，或者您也可以在Partner Home上对任何已关闭的工单提供反馈。我们非常重视与您的合作。,
green location NA Specific Supplier Warm/Cold Transfer Programs,Problem with an Order (PWAO) SOP (DSC2S) NA > Replacement PO Investigation,"Hello [Supplier Name], Thank you for reaching out regarding this order issue. I'm happy to help advise on this process for you today. I see that your team is enrolled in our Supplier Transfer Program, which allows our teams to work with you directly on the best resolution for our mutual customer. For assistance on post order issues, please request assistance through the SCT ticket in Partner Home that is associated with this PO. In the event that an SCT ticket cannot be located in Partner Home and you have questions about an order, you can directly email wfsuppliertransfers@wayfair.com with the PO for more information. Our team will take it from there! Lastly, once you have updated the related ticket, or emailed that team, if you don't receive an update within 48 hours, please reach out to your Supplier Relationship Manager for further assistance. Your relationship manager is (Name) and their email address is (email). Thanks again for reaching out. I am marking this ticket as complete. If you need further support with this issue, please comment to re-open. Help us improve by sharing your feedback. You will receive an email shortly with a survey, or you can provide feedback on any closed tickets in Partner Home. We sincerely value your partnership. Thank you, [Agent Name]",尊敬的[supplier name]供应商团队，您好： 感谢您就此订单问题与我们联系。我很高兴今天能为您提供相关流程方面的建议。 我看到您的团队已加入我们的供应商直联买家客服项目，该项目允许我们的团队直接与您合作，为我们的共同客户找到最佳解决方案。如需订单完成后问题的帮助，请通过Partner Home中与此订单关联的 SCT 工单申请协助。 如果您在Partner Home中找不到 SCT工单，并且对订单有任何疑问，您可以直接发送电子邮件至 wfsuppliertransfers@wayfair.com 并附上订单号以获取更多信息。我们的团队将跟进处理！最后，如果您在更新相关工单或发送电子邮件后 48 小时内没有收到回复，请联系您的供应商关系经理以获得进一步的帮助。您的关系经理是（Name），他们的电子邮件地址是（email）。 我们希望确保您的所有问题都能得到解决，如果此问题仍然存在，请随时在此工单中联系我们，我将很乐意为您提供进一步的帮助。如果目前您的问题已得到解决，祝您一切顺利！ 谢谢，顺颂商祺！ [Agent Name] 请分享您的反馈，帮助我们改进服务。稍后您将收到一封包含调查问卷的电子邮件，或者您也可以在Partner Home上对任何已关闭的工单提供反馈。我们非常重视与您的合作。,
Supplier Needs a Replacement,Problem with an Order (PWAO) SOP (DSC2S) NA > Replacement PO Investigation,"Hello [supplier name], Thank you for reaching out regarding this PO&rsquo;s status. We appreciate your consideration for our mutual customer. I am able to resolve this today. This PO has been successfully replaced. A new PO will generate in your order queue as normal. The new PO is (PO#). Please note for future reference, once an order has been marked as shipped by the system it cannot be modified. We are happy to help generate replacement POs as needed for your team if this occurs again. We want to make sure all your concerns are heard, so if this issue persists, please feel free to reach back out in this thread, and I will be happy to further assist. Otherwise, if I've resolved your concerns for the time being, I hope you have a great day! Help us improve by sharing your feedback. You will receive an email shortly with a survey, or you can provide feedback on any closed tickets in Partner Home. We sincerely value your partnership. Thank you,",尊敬的[supplier name]供应商团队，您好： 感谢您就此订单的状态与我们联系。我们非常感谢您对我们共同客户的关注。我今天就能解决这个问题。 此订单已成功操作补发。新的订单将在您的订单队列中生成。 新的订单编号为（PO#）。 请注意，一旦订单被系统标记为已发货，则无法修改。如果再次发生类似情况，我们很乐意根据您的团队需要生成补发订单。 我们希望确保您的所有问题都能得到解决，如果此问题仍然存在，请随时在此工单中联系我们，我将很乐意为您提供进一步的帮助。如果目前您的问题已得到解决，祝您一切顺利！ 谢谢，顺颂商祺！ [Agent Name] 请分享您的反馈，帮助我们改进服务。稍后您将收到一封包含调查问卷的电子邮件，或者您也可以在Partner Home上对任何已关闭的工单提供反馈。我们非常重视与您的合作。,
Cannot Ship to Location / Product Compliance,Problem with an Order (PWAO) SOP (DSC2S) NA > Supplier Self Service Updates,"Template for internal comment for the MCOMPLY agent: [YOUR PROJECT] to MCOMPLY transfer: Supplier is included on the ticket. SKU Count Tier (select one): Single SKU = 1 SKU | Multi-SKU = 2-10 SKUs | Tier 1 = 11-40 SKUs | Tier 2 = 41-4000 SKUs | Tier 3 > 5000 SKUs SKU List: *make sure to add SKUs only in &lsquo;Order&rsquo; section of ticket* Product Class of SKUs: Country: US/CA or UK/EU Supplier&rsquo;s Request: Supplier Template: Hello [supplier name], Thank you for reaching out regarding this PO&rsquo;s status. We appreciate your consideration for our mutual customer. I can help resolve this today. I have canceled this PO. I will be assigning your request to our Merchandising Compliance team so they can further resolve this for you. Compliance team, can you please assist the supplier with their compliance product launch issue ? Please be on the lookout for their follow-up via email as well as ticket. NOTE: The ticket identifier will now be MCOMPLY-, and can now be found in Partner Home . Our Compliance team will be best suited to resolve this within [3-5] business days . Thank you,",Template for internal comment for the MCOMPLY agent: [YOUR PROJECT] to MCOMPLY transfer: Supplier is included on the ticket. SKU Count Tier (select one): Single SKU = 1 SKU | Multi-SKU = 2-10 SKUs | Tier 1 = 11-40 SKUs | Tier 2 = 41-4000 SKUs | Tier 3 > 5000 SKUs SKU List: make sure to add SKUs only in &lsquo;Order&rsquo; section of ticket Product Class of SKUs: Country: US/CA or UK/EU Supplier&rsquo;s Request: Supplier Template: 尊敬的[supplier name]供应商团队，您好： 感谢您就此订单的状态与我们联系。我们感谢您对我们共同客户的关注。我今天可以帮您解决这个问题。我已经取消了此订单。我会将您的请求转交给我们的产品合规团队，以便他们进一步为您解决。 请留意他们通过电子邮件和工单进行的后续跟进。注意：该 Partner Home 工单标识符将从 AOPS- 更改为 MCOMPLY-。 我们的合规团队最有可能在 [3-5] 个工作日内解决此问题。 谢谢，,
Adding/Altering Warehouse,Problem with an Order (PWAO) SOP (DSC2S) NA > Supplier Self Service Updates,"Hello supplier_name Thank you for your request. For the best assistance I will be moving this request to our Global Supplier Connections & Integrations team. Please be on the lookout for their follow-up both on this ticket and via email within a few hours. Please do not close this ticket until the issue is resolved with their team. For future warehouse update requests, please enter a ticket to Inventory following the below process. Submit a Ticket >Warehouse Management> Warehouse Update. Note: The Partner Home ticket identifier will change from AOPS- to GSCIEXE-. Best,",尊敬的[supplier name]供应商团队，您好： 感谢您的请求。为了更好地为您提供帮助，我会将此请求转交给我们的全球供应商连接与集成团队（Global Supplier Connections & Integrations Team）。 请留意他们几个小时内通过此工单和电子邮件与您联系。在他们的团队解决问题之前，请不要关闭此工单。 如需更新仓库信息，请按照以下步骤提交工单至库存团队： Submit a Ticket（提交工单） > Warehouse Management（仓库管理） > Warehouse Update（仓库更新） 注意：该 Partner Home 工单标识符将从 AOPS- 更改为 GSCIEXE-。 谢谢，,
Supplier Needs to Update Contact Information,Problem with an Order (PWAO) SOP (DSC2S) NA > Supplier Self Service Updates,"Hello [Supplier Name], Thank you for reaching out regarding your contact information. You can edit your User Account via Partner Home. To do this, please navigate to Account Management > My Team and select the pencil icon in the top right corner of the User you would like to edit. You can then update that user&rsquo;s name, email, phone number, and role. If you have any additional questions, please refer to this Help Center Article https://partners.wayfair.com/help/2/article/852 We want to make sure all your concerns are heard, so if this issue persists, please feel free to reach back out in this thread, and I will be happy to further assist. Otherwise, if I've resolved your concerns for the time being, I hope you have a great day! Help us improve by sharing your feedback. You will receive an email shortly with a survey, or you can provide feedback on any closed tickets in Partner Home. We sincerely value your partnership. Thank you, [Agent Name]",尊敬的[supplier name]供应商团队，您好： 感谢您就联系信息事宜与我们联系。您可以通过 Partner Home 自行编辑您的用户账号。具体操作方法：请前往Account Management（账户管理） > My Team（我的团队），然后点击您要编辑的用户右上角的铅笔图标。之后，您可以更新该用户的姓名、邮箱、电话号码和角色权限。 如果您还有其他疑问，请参阅此帮助中心文章： https://partners.wayfair.com/help/2/article/852 我们希望确保您的所有问题都能得到解决，如果此问题仍然存在，请随时在此工单中联系我们，我将很乐意为您提供进一步的帮助。如果目前您的问题已得到解决，祝您一切顺利！ 谢谢，顺颂商祺！ [Agent Name] 请分享您的反馈，帮助我们改进服务。稍后您将收到一封包含调查问卷的电子邮件，或者您也可以在Partner Home上对任何已关闭的工单提供反馈。我们非常重视与您的合作。,
Update Return Information,Problem with an Order (PWAO) SOP (DSC2S) NA > Supplier Self Service Updates,"Hello [supplier name], Thank you for reaching out regarding the incorrect return information. I can review this process with you today. To update the location that returns are sent to, please log in to Partner Home, and please navigate to Account Management > Returns Management on the top right of the page. From there, you will be able to update the Return address using the box located near the bottom of the page. Please note all active returns will be sent to the address on file when the return was requested, and we are unable to update the return location of any in progress returns. We want to make sure all your concerns are heard, so if this issue persists, please feel free to reach back out in this thread, and I will be happy to further assist. Otherwise, if I've resolved your concerns for the time being, I hope you have a great day! Help us improve by sharing your feedback. You will receive an email shortly with a survey, or you can provide feedback on any closed tickets in Partner Home. We sincerely value your partnership. Thank you,","尊敬的[supplier name]供应商团队，您好： ��谢您就退货信息错误与我们联系。我今天可以和您一起回顾一下流程。 要更新退货寄送地址，请登录 Partner Home 首页，然后在页面右上角依次点击""账户管理"">""退货管理""。在该页面底部附近的文本框中，您可以更新退货寄送地址。 请注意，未来的退货都会寄送至您提交退货申请时登记的地址，我们无法更改任何已在处理中的退货地址。 我们希望确保您的所有问题都能得到解决，如果此问题仍然存在，请随时在此工单中联系我们，我将很乐意为您提供进一步的帮助。如果目前您的问题已得到解决，祝您一切顺利！ 谢谢，顺颂商祺！ [Agent Name] 请分享您的反馈，帮助我们改进服务。稍后您将收到一封包含调查问卷的电子邮件，或者您也可以在Partner Home上对任何已关闭的工单提供反馈。我们非常重视与您的合作。",
Wrong Description on Site,Problem with an Order (PWAO) SOP (DSC2S) NA > Supplier Self Service Updates,"Hello supplier_name, Thank you for reaching out regarding the incorrect description for this SKU. We appreciate your consideration for our mutual customer in ensuring that they do not receive an unexpected item and can assist with the correct process for updating the SKU. I have processed a cancellation for this PO and the customer has been notified of the update to their order. Our team is unable to edit SKU information, however, I will be assigning your request to our Enrichment team to resolve this for you. Please be on the lookout for their follow-up via email as well as ticket. Moving forward, to update this information, please follow the instructions below. Navigate to Partner Home > Tickets > Submit a Ticket > Product Updates > Select the best option Please be sure to indicate what you need assistance with and include the part number(s)/SKU(s) to help us troubleshoot as fast as possible. NOTE: The ticket identifier will now be ENRICH-, and can now be found in Partner Home. Thanks,",尊敬的[supplier name]供应商团队，您好： 感谢您告知我们订单数量/产品编码的问题。我可以协助您解决此问题。由于订单一旦提交给您的团队，我们就无法对其进行任何更改，因此我们已取消此订单。 如果您以后遇到订单数据错误或需要更新的情况，请向 Wayfair 的商品团队（Merchandising Team）提交工单。有关如何在 Partner Home 中提交工单的更多信息，请参阅以下帮助中心文章： https://partners.wayfair.com/help/2/article/2146 为了确保您的商品信息准确无误，我会将此工单转交给我们的商品团队（Merchandising Team），以协助您解决此问题。 注意：Partner Home 工单前缀将从 AOPS- 更改为 ENRICH-。 谢谢，,
Update Shipping Dimensions,Problem with an Order (PWAO) SOP (DSC2S) NA > Supplier Self Service Updates,"Hello [supplier name], Thank you for reaching out regarding the incorrect ship method. I understand the confusion this may have caused. I can resolve this today. Please update the shipping dimensions for this SKU to correct this for future shipments. Fortunately, your team can make these updates via Partner Home. You can do this by clicking Products tab > Shipping Dimension > Enter shipping weight (lbs.), Carton Height (in), Carton Width, Carton Depth > Click Save Please be aware that we have a specific ticket type to address and resolve incorrect ship methods. Please submit the correct ticket type in the future for the fastest resolution possible. To submit the correct ticket please follow these instructions: Click Get Help With This Order from the Dropship Orders page. Select Change Ship Method or Carrier on PO Due to Item Count/Size Verify the PO number is correct and click Continue Provide the requested information in the expanded window Click Submit. We want to make sure all your concerns are heard, so if this issue persists, please feel free to reach back out in this thread, and I will be happy to further assist. Otherwise, if I've resolved your concerns for the time being, I hope you have a great day! Help us improve by sharing your feedback. You will receive an email shortly with a survey, or you can provide feedback on any closed tickets in Partner Home. We sincerely value your partnership. Kind regards, YOUR_NAME","尊敬的[supplier name]供应商团队，您好： 感谢您就错误的发货方式与我们联系。我理解这可能给您带来的困扰，我会立即为您处理并解决这个问题。 请更新此 SKU 的发货尺寸，以便后续发货时能够正确显示。您的团队可以在PARTNER HOME主页中进行更新：依次点击""产品""选项卡 > ""发货尺寸"" > 输入发货重量（磅）、纸箱高度（英寸）、纸箱宽度和纸箱深度，最后点击""保存""。 请注意，我们有专门的工单类型用于处理和解决错误发货方式相关的问题。为便于我们尽快为您解决此类问题，请今后选择并提交正确的工单类型。要提交正确的工单，请按照以下步骤操作： 1）在""自发货订单""页面点击""获取此订单的帮助""。 2）选择""由于商品数量/尺寸，更改采购订单上的发货方式或承运商""。 3）确认采购订单号正确，然后点击""继续""。 4）在弹出的窗口中提供所需信息，点击""提交""。 我们希望确保您的所有问题都能得到解决，如果此问题仍然存在，请随时在此工单中联系我们，我将很乐意为您提供进一步的帮助。如果目前您的问题已得到解决，祝您一切顺利！ 谢谢，顺颂商祺！ [Agent Name] 请分享您的反馈，帮助我们改进服务。稍后您将收到一封包含调查问卷的电子邮件，或者您也可以在Partner Home上对任何已关闭的工单提供反馈。我们非常重视与您的合作。",
green location NA Specific Pickup Needs to be Registered,Problem with an Order (PWAO) SOP (DSC2S) NA > Supplier Self Service Updates,"Hello [Supplier Name], Thank you for reaching out regarding this PO&rsquo;s status. We appreciate your consideration for our mutual customer. I can review the correct process for this today. I have reviewed [PO Number], and did not find any technical issue or error preventing the shipping label(s) from being generated. I show this order was not registered to generate a pickup. I have registered this PO to ship on its must ship by date. To reprint this label, click into the PO on Dropship Orders and use the 'Print Documents' function. For your convenience, I have attached the shipping documents to this ticket. Please note that you must be logged into Partner Home in order to view and download the label I have attached via this ticket. If you are still unable to download the labels, please clear your downloads folder, clear your web browser's cache and cookies, and please check to make sure your pop-up blockers are disabled. Please also reference the following Help Center article for additional information about the Dropship Orders tool: https://partners.wayfair.com/help/2/article/2949 For any Missed Pickup requests on registered large parcel orders, please enter a ticket to freight following the below process. Submit a Ticket > Order & PO Management > Carrier did not Come on Time for Pickup / Missed Pickup. We want to make sure all your concerns are heard, so if this issue persists, please feel free to reach back out in this thread, and I will be happy to further assist. Otherwise, if I've resolved your concerns for the time being, I hope you have a great day! Help us improve by sharing your feedback. You will receive an email shortly with a survey, or you can provide feedback on any closed tickets in Partner Home. We sincerely value your partnership. Thank you,","尊敬的[supplier name]供应商团队，您好： 感谢您就此采购订单的状态与我们联系。感谢您对我们共同客户的关注。今天我可以和您一起梳理这一流程。 我已检查了该采购订单，未发现有任何技术问题或错误会阻止发货面单的生成。系统显示该订单之前并未完成预约提货的注册。现在我已将此订单按其最迟发货日期注册为待发货订单。 如需重新打印发货面单，请在 Partner Home 的直发订单页面中点击进入对应订单，并使用""打印文件""功能。为方便起见，我已在本工单中附上相关发货面单。请注意，您必须先登录 Partner Home，才能查看和下载我通过本工单附上的面单。 如果您仍然无法下载面单，请清空您的下载文件夹，清除浏览器缓存，并确保您的弹出窗口拦截器已禁用。 有关自发货订单工具的更多信息，请参阅以下帮助中心文章： https://partners.wayfair.com/help/2/article/2949 对于已注册的大件包裹订单，如有任何未按时取件的情况，请按照以下步骤提交工单： 提交工单 > 订单和采购订单管理 > 承运商未按时取件/未按时取件 我们希望确保您的所有问题都能得到解决，如果此问题仍然存在，请随时在此工单中联系我们，我将很乐意为您提供进一步的帮助。如果目前您的问题已得到解决，祝您一切顺利！ 谢谢，顺颂商祺！ [Agent Name] 请分享您的反馈，帮助我们改进服务。稍后您将收到一封包含调查问卷的电子邮件，或者您也可以在Partner Home上对任何已关闭的工单提供反馈。我们非常重视与您的合作。",
Self Service - Update RP Tracking,Problem with an Order (PWAO) SOP (DSC2S) NA > Supplier Self Service Updates,"Hello [supplier name], Thank you for reaching out regarding tracking updates for replacement parts. I can help advise on this process for your today. In order to manage the tracking information on a replacement part request: 1. Navigate to Orders > Dropship Orders > Replacement Parts. 2. Use the search bar or filters to find the order you want. 3. Select the order in the list to open the replacement part you need to update. 4. Select Manage Order Details near the top of the page. This will open a new tab to submit the tracking information. 5. Click Update Order Details to save the information. You can also manage tracking information for multiple replacement parts in bulk: 1. Navigate to Dropship orders> Replacement Parts 2. Select the replacement part/s that require their tracking to be updated & click Manage Order Details. This will open a new tab to submit tracking information. Using this page, ensure the tracking number, warehouse, carrier, delivery method/ship speed & shipped date are correct. For more information on Replacement Part policies and requirements, please see the following help center resource: https://partners.wayfair.com/help/2/article/2883 We want to make sure all your concerns are heard, so if this issue persists, please feel free to reach back out in this thread, and I will be happy to further assist. Otherwise, if I've resolved your concerns for the time being, I hope you have a great day! Help us improve by sharing your feedback. You will receive an email shortly with a survey, or you can provide feedback on any closed tickets in Partner Home. We sincerely value your partnership. Thank you,","尊敬的[supplier name]供应商团队，您好： 感谢您咨询补发配件的物流跟踪更新事宜。今天我可以和您一起梳理这一流程。 要管理配件的物流跟踪信息，请按以下步骤操作： 导航至""订单"">""自发货订单"">""补发配件""。 使用搜索栏或筛选器查找您需要的订单。 在列表中选择订单，打开需要更新的配件。 选择页面顶部的""管理订单详情""。这将打开一个新标签页，用于提交物流跟踪信息。 点击""更新订单详情""保存信息。 您还可以批量管理多个补发配件的物流跟踪信息： 导航至""自发货订单"">""补发配件""。 选择需要更新物流跟踪信息的配件，然后点击""管理订单详情""。这将打开一个新标签页，用于提交物流跟踪信息。请使用此页面确保追踪号码、仓库、承运商、配送方式/速度和发货日期正确无误。 有关补发配件政策和要求的更多信息，请参阅以下帮助中心资源： https://partners.wayfair.com/help/2/article/2883 我们希望确保您的所有问题都能得到解决，如果此问题仍然存在，请随时在此工单中联系我们，我将很乐意为您提供进一步的帮助。如果目前您的问题已得到解决，祝您一切顺利！ 谢谢，顺颂商祺！ [Agent Name] 请分享您的反馈，帮助我们改进服务。稍后您将收到一封包含调查问卷的电子邮件，或者您也可以在Partner Home上对任何已关闭的工单提供反馈。我们非常重视与您的合作。",
Reroute Supplier Self Service,Problem with an Order (PWAO) SOP (DSC2S) NA > Supplier Self Service Updates,"Hello [supplier name], Thank you for reaching out about rerouting this PO. I can review this process with you today. Orders are automatically routed based on inventory availability. Replacements will be sent to the same warehouse as the original. This order does not need to be canceled and/or resent/rerouted. Our system allows for you to select the warehouse an order will be shipping from when going through Partner Home when registering the order. To further assist you, we have provided step by step instructions below: 1. Access PO under dropship orders 2. Select PO needing to ship from alternate warehouse 3. Select print shipping documents to register shipment 4. Select warehouse from ship from drop down 5. Ensure all weights and carton counts are correct 6. Save selection and generate documents We want to make sure all your concerns are heard, so if this issue persists, please feel free to reach back out in this thread, and I will be happy to further assist. Otherwise, if I've resolved your concerns for the time being, I hope you have a great day! Help us improve by sharing your feedback. You will receive an email shortly with a survey, or you can provide feedback on any closed tickets in Partner Home. We sincerely value your partnership. Thank you,","尊敬的[supplier name]供应商团队，您好： 感谢您联系我们咨询此采购订单的换仓问题。今天我可以和您一起梳理这一流程。 采购订单会根据库存情况进行仓库分配，而补发配件订单会分配至与原订单相同的仓库。此订单无需取消或重新发送。我们的系统允许您在注册订单时，通过""Partner Home""选择订单的发货仓库。 为了更好地帮助您，我们提供了以下分步说明： 在""自发货订单""下找到采购订单 选择需要从其他仓库发货的采购订单 选择""打印货运文件""以注册发货 从""发货仓库""下拉菜单中选择仓库 确保所有重量和纸箱数量均正确 保存选择并生成相关货运文件 我们希望确保您的所有问题都能得到解决，如果此问题仍然存在，请随时在此工单中联系我们，我将很乐意为您提供进一步的帮助。如果目前您的问题已得到解决，祝您一切顺利！ 谢谢，顺颂商祺！ [Agent Name] 请分享您的反馈，帮助我们改进服务。稍后您将收到一封包含调查问卷的电子邮件，或者您也可以在Partner Home上对任何已关闭的工单提供反馈。我们非常重视与您的合作。",
Part Reroute Supplier Self Service,Problem with an Order (PWAO) SOP (DSC2S) NA > Supplier Self Service Updates,"Hello [supplier name], Thank you for reaching out about rerouting this PO. I can review this process with you today. Replacement parts are automatically sent to the same warehouse as the original order. While we cannot change the warehouse selected for parts on our end, our system allows for you to select the warehouse an order will be shipping from when going through Partner Home when registering the order. To further assist you, we have provided step by step instructions below: 1. Access PO under dropship orders 2. Select PO needing to ship from alternate warehouse 3. Select print shipping documents to register shipment 4. Select warehouse from ship from drop down 5. Ensure all weights and carton counts are correct 6. Save selection and generate documents We want to make sure all your concerns are heard, so if this issue persists, please feel free to reach back out in this thread, and I will be happy to further assist. Otherwise, if I've resolved your concerns for the time being, I hope you have a great day! Help us improve by sharing your feedback. You will receive an email shortly with a survey, or you can provide feedback on any closed tickets in Partner Home. We sincerely value your partnership. Thank you,","尊敬的[supplier name]供应商团队，您好： 感谢您就这张采购订单的换仓事宜与我们联系。今天我可以和您一起梳理这一流程。 补发配件会自动发送到与原订单相同的仓库。虽然我们无法从系统层面更改配件的仓库选择，但我们的系统允许您在注册订单时，通过""Partner Home""选择订单的发货仓库。 为了更好地帮助您，我们提供了以下分步说明： 在""自发货订单""下找到采购订单 选择需要从其他仓库发货的采购订单 选择""打印货运文件""以注册发货 从""发货仓库""下拉菜单中选择仓库 确保所有重量和纸箱数量均正确 保存选择并生成相关货运文件 我们希望确保您的所有问题都能得到解决，如果此问题仍然存在，请随时在此工单中联系我们，我将很乐意为您提供进一步的帮助。如果目前您的问题已得到解决，祝您一切顺利！ 谢谢，顺颂商祺！ [Agent Name] 请分享您的反馈，帮助我们改进服务。稍后您将收到一封包含调查问卷的电子邮件，或者您也可以在Partner Home上对任何已关闭的工单提供反馈。我们非常重视与您的合作。",
Supplier Shipping and Fulfillment Policy Education,Problem with an Order (PWAO) SOP (DSC2S) Supplier Self Service Updates,"Hi [Supplier Team] I&rsquo;m happy to review more information on our updated shipping and fulfillment policy. Beginning December 15th, 2025 a new compliance policy went into effect regarding shipping orders from the assigned warehouse the Wayfair system designates. Orders are routed based on inventory availability at the time the order is placed. To help support maintaining your success while minimizing financial impacts, please keep in mind the following: To ensure orders are routed to the correct warehouse: Keep warehouse hours, holidays, and contact info updated in Partner Home. Report accurate inventory at all warehouses. Warehouse assignments are based on supplier&rsquo;s reported inventory and the customer&rsquo;s delivery address. Regularly audit warehouse inventory accuracy and fulfillment reliability. Suppliers will face credit deductions for ship costs incurred when shipping from a warehouse other than the one assigned by Wayfair (including international shipments) that results in higher costs. If the risk of these deductions is not acceptable, please be aware the following options we are able to support at this time: Submit an order delay for the PO until you are able to ship it from the system-assigned warehouse. You can read more information about submitting an order delay here: https://partners.wayfair.com/help/2/article/1440 Select a new warehouse that has inventory available to fulfill this order; please note, this option will result in the aforementioned credit deductions. Please see the following help center resource for more information and the complete updated policy: https://partners.wayfair.com/help/2/article/3348 We want to make sure all your concerns are heard, so if this issue persists, please feel free to reach back out in this thread, and I will be happy to further assist. Otherwise, if I've resolved your concerns for the time being, I hope you have a great day! Help us improve by sharing your feedback. You will receive an email shortly with a survey, or you can provide feedback on any closed tickets in Partner Home. We sincerely value your partnership.","尊敬的[supplier name]供应商团队，您好： 我很高兴向您介绍我们最新的发货和履约政策的相关信息。 自 2025 年 12 月 15 日起，一项新的合规政策开始生效，要求订单必须从 Wayfair 系统指定的仓库发货。系统会根据下单时的库存情况为订单分配发货仓库 为了帮助您保持业务成功并尽可能减少财务影响，确保订单被分配到正确的仓库，请注意以下事项： 请在""Partner Home""中更新仓库营业时间、节假日和联系信息。 确保所有仓库的库存信息准确无误。仓库分配基于供应商报告的库存和客户的收货地址。 定期审核仓库库存的准确性和配送可靠性。 如果供应商从 Wayfair 指定的仓库以外的仓库（包括国际货运）发货，导致运费增加，则供应商将面临相应的费用扣除。 如果您无法接受这些扣款风险，请注意我们目前支持的以下选项： 在您能够从系统指定仓库发货之前，请为该采购订单提交订单延迟申请。您可以在此处了解更多关于如何提交订单延迟的说明： https://partners.wayfair.com/help/2/article/1440 您可以选择更换一个当前有库存可以履约的新仓库；请注意，此选项可能导致上述因为换仓产生的扣款。 请参阅以下帮助中心资源，了解更多信息和完整的更新政策： https://partners.wayfair.com/help/2/article/3348 我们希望确保您的所有问题都能得到解决，如果此问题仍然存在，请随时在此工单中联系我们，我将很乐意为您提供进一步的帮助。如果目前您的问题已得到解决，祝您一切顺利！ 谢谢，顺颂商祺！ [Agent Name] 请分享您的反馈，帮助我们改进服务。稍后您将收到一封包含调查问卷的电子邮件，或者您也可以在Partner Home上对任何已关闭的工单提供反馈。我们非常重视与您的合作。",
green location NA Specific Canadian Crossdock Clarification,Problem with an Order (PWAO) SOP (DSC2S) Shipping Outside Continental US,"Hello [supplier name], Thank you for reaching out regarding the shipping address for this PO. We appreciate your assistance remaining compliant with local laws. This PO is not going to be delivered in California. To correct the issue, please ship to one of the following locations based on which is closest to your fulfilling warehouse: Wayfair - Cranbury Cross Dock 48 Station Rd Cranbury, NJ 08512 Wayfair - Lathrop Crossdock 5120 Glacier St Lathrop, CA 95330 Please print a label using FedEx.com , using these steps: Reference only the PO# in the reference field. 2. Ship on Wayfair's account --> bill 3rd party. Billing Zip: 02116 FedEx: 764372760 For assistance creating a label, please call your local FedEx Representative. This PO will be delivered in Canada. We want to make sure all your concerns are heard, so if this issue persists, please feel free to reach back out in this thread, and I will be happy to further assist. Otherwise, if I've resolved your concerns for the time being, I hope you have a great day! Help us improve by sharing your feedback. You will receive an email shortly with a survey, or you can provide feedback on any closed tickets in Partner Home. We sincerely value your partnership. Thank you,","尊敬的[supplier name]供应商团队，您好： 感谢您就此采购订单的收货地址与我们联系。感谢您配合遵守当地法律法规。此采购订单的收货地址不在加利福尼亚州。为解决此问题，请根据距离您发货仓库最近的地点，将货物寄送到以下地点之一： Wayfair - Cranbury Cross Dock 48 Station Rd Cranbury, NJ 08512 Wayfair - Lathrop Crossdock 5120 Glacier St Lathrop, CA 95330 请使用 FedEx.com 打印面单，步骤如下： 仅填写采购订单号作为参考。 用 Wayfair 的第三方账户进行结算 账单邮编：02116 FedEx 代码：764372760 如需协助创建面单，请联系您当地的 FedEx 客户代表。 此采购订单将发往加拿大。 我们希望确保您的所有问题都能得到解决，如果此问题仍然存在，请随时在此工单中联系我们，我将很乐意为您提供进一步的帮助。如果目前您的问题已得到解决，祝您一切顺利！ 谢谢，顺颂商祺！ [Agent Name]",
green location NA Specific Canadian Customs Docs,Problem with an Order (PWAO) SOP (DSC2S) NA > Shipping Outside Continental US,"Hello [supplier name], Thank you for reaching out regarding this order shipping to Canada. Your team will be able to ship this to the Canadian Delivery Agent directly without issue. All customs paperwork is provided to the carrier by the Wayfair Broker, listed in the Special Instructions section of the signed BOL. If your team, or the carrier, has any concerns about this, please reach out to the number listed in that section. Please submit an order delay with the ""Carrier Pickup Delay"" reason code for two business days. This will create a ticket for our Freight team to reschedule the pickup. We want to make sure all your concerns are heard, so if this issue persists, please feel free to reach back out in this thread, and I will be happy to further assist. Otherwise, if I've resolved your concerns for the time being, I hope you have a great day! Help us improve by sharing your feedback. You will receive an email shortly with a survey, or you can provide feedback on any closed tickets in Partner Home. We sincerely value your partnership. Thank you,","尊敬的[supplier name]供应商团队，您好： 感谢您就发往加拿大的订单与我们联系。您的团队可以直接将货物运送至加拿大派送代理，不会有任何问题。所有海关文件均由 Wayfair 报关代理提供给承运商，相关信息列于已签署的提单 (BOL) 的""特殊说明""部分。如果您的团队或承运商对此有任何疑问，请联系该部分列出的电话号码。 我们希望确保您的所有问题都能得到解决，如果此问题仍然存在，请随时在此工单中联系我们，我将很乐意为您提供进一步的帮助。如果目前您的问题已得到解决，祝您一切顺利！ 谢谢，顺颂商祺！ [Agent Name] 请分享您的反馈，帮助我们改进服务。稍后您将收到一封包含调查问卷的电子邮件，或者您也可以在Partner Home上对任何已关闭的工单提供反馈。我们非常重视与您的合作。",
green location NA Specific Address Change for Canada Shipment: PO Unshipped,Problem with an Order (PWAO) SOP (DSC2S) NA > Shipping Outside Continental US,"Hello [supplier name], Thank you for reaching out regarding the address change request for this customer. We can definitely review this process with you. Please move forward with approving the shipping address alert. This will ensure the PO will be shipped to the address associated with the customers request. Once this PO has been actioned, you can register this PO and the correct documents will be generated. The packing slip will not be required. We want to make sure all your concerns are heard, so if this issue persists, please feel free to reach back out in this thread, and I will be happy to further assist. Otherwise, if I've resolved your concerns for the time being, I hope you have a great day! Help us improve by sharing your feedback. You will receive an email shortly with a survey, or you can provide feedback on any closed tickets in Partner Home. We sincerely value your partnership. Best,",尊敬的[supplier name]供应商团队，您好： 感谢您就这位客户的地址变更请求与我们联系，我们当然可以和您一起回顾并说明相关处理流程。 请继续批准收货地址变更。这样可以确保该采购订单会按照客户请求所对应的地址发货。在该采购订单完成相应处理后，您即可注册此订单，系统会生成正确的单据，届时将不再需要装箱单。 我们希望确保您的所有问题都能得到解决，如果此问题仍然存在，请随时在此工单中联系我们，我将很乐意为您提供进一步的帮助。如果目前您的问题已得到解决，祝您一切顺利！ 谢谢，顺颂商祺！ [Agent Name] 请分享您的反馈，帮助我们改进服务。稍后您将收到一封包含调查问卷的电子邮件，或者您也可以在Partner Home上对任何已关闭的工单提供反馈。我们非常重视与您的合作。,
green location NA Specific Address Change for Canada Shipment: PO Shipped,Problem with an Order (PWAO) SOP (DSC2S) NA > Shipping Outside Continental US,"Hello [supplier name], Thank you for reaching out regarding the address change request for this customer. We can definitely review this process with you. This PO is shipping to Canada via crossdock. We do need the shipping address alert approved or denied prior to the PO shipping as it affects the crossdock. The PO will be shipped to the address associated with the tracking number. We want to make sure all your concerns are heard, so if this issue persists, please feel free to reach back out in this thread, and I will be happy to further assist. Otherwise, if I've resolved your concerns for the time being, I hope you have a great day! Help us improve by sharing your feedback. You will receive an email shortly with a survey, or you can provide feedback on any closed tickets in Partner Home. We sincerely value your partnership. Best,",尊敬的[supplier name]供应商团队，您好： 感谢您就这位客户的地址变更请求与我们联系，我们当然可以和您一起回顾并说明相关处理流程。 此采购订单将通过转运中心发往加拿大。由于这会影响转运中心的运作，我们需要在采购订单发货之前先确认该收货地址变更是被批准还是被拒绝。该采购订单将按照运单号所对应的收货地址进行发货。 我们希望确保您的所有问题都能得到解决，如果此问题仍然存在，请随时在此工单中联系我们，我将很乐意为您提供进一步的帮助。如果目前您的问题已得到解决，祝您一切顺利！ 谢谢，顺颂商祺！ [Agent Name] 请分享您的反馈，帮助我们改进服务。稍后您将收到一封包含调查问卷的电子邮件，或者您也可以在Partner Home上对任何已关闭的工单提供反馈。我们非常重视与您的合作。,
green location NA Specific Shipping to Puerto Rico Instructions,Problem with an Order (PWAO) SOP (DSC2S) NA > Shipping Outside Continental US,"Hello [supplier name], Thank you for reaching out regarding this shipping label. I apologize that it&rsquo;s not generating in Dropship Orders. You are able to ship to Puerto Rico by printing a label via FedEx.com directly and billing Wayfair 3rd party on our account number, 252225761. Please process the order as a standard FedEx International Economy shipment. Please follow the instructions below to process the order: 1.) First check whether or not the carton size is able to ship to Puerto Rico. 2.) When you get into the billing and shipping information, you will need to click on the &lsquo;Ship to a different address&rsquo; button regardless of whether the billing and shipping address are the same. 3.) In the Billing Address section, you&rsquo;ll select Puerto Rico as the country and fill out the remaining information. * Note that the shipping address section does not have Puerto Rico as a country. That is why you need to ""Ship to a Different Address"". 4.) In the Shipping Address section, you&rsquo;ll select the United States as the country. Then choose PR (Puerto Rico) for the state and fill in the remaining information. For assistance creating a label, please call your local FedEx Representative. We want to make sure all your concerns are heard, so if this issue persists, please feel free to reach back out in this thread, and I will be happy to further assist. Otherwise, if I've resolved your concerns for the time being, I hope you have a great day! Help us improve by sharing your feedback. You will receive an email shortly with a survey, or you can provide feedback on any closed tickets in Partner Home. We sincerely value your partnership. Thank you,","尊敬的[supplier name]供应商团队，您好： 感谢您就此发货面单与我们联系。很抱歉，该发货面单无法在自发货订单中生成。您可以通过在 FedEx.com 上直接打印面单，并使用 Wayfair 的第三方账户（账号：252225761）进行结算，将货件寄往波多黎各。请将该订单按标准的 FedEx International Economy 国际经济服务进行发货处理。 请按照以下步骤处理订单： 1.) 首先确认纸箱尺寸是否符合运送到波多黎各的要求。 2.) 在填写账单地址和收货地址时，无论账单地址和收货地址是否相同，您都需要点击""寄送到其他地址""按钮。 3.) 在账单地址部分，选择波多黎各作为国家/地区，并填写其余信息。*请注意，收货地址部分无需选择波多黎各作为国家/地区。这就是为什么您需要选择""寄送到其他地址""。 4.) 在""收货地址""部分，请选择美国作为国家/地区。然后选择波多黎各（PR）作为州/省，并填写其余信息。 如需协助创建面单，请联系您当地的 FedEx 客户代表。 我们希望确保您的所有问题都能得到解决，如果此问题仍然存在，请随时在此工单中联系我们，我将很乐意为您提供进一步的帮助。如果目前您的问题已得到解决，祝您一切顺利！ 谢谢，顺颂商祺！ [Agent Name] 请分享您的反馈，帮助我们改进服务。稍后您将收到一封包含调查问卷的电子邮件，或者您也可以在Partner Home上对任何已关闭的工单提供反馈。我们非常重视与您的合作。",
green location NA Specific Shipping to Virgin Islands,Problem with an Order (PWAO) SOP (DSC2S) NA > Shipping Outside Continental US,"Hello [supplier name], Thank you for reaching out. I apologize for the inconvenience. I will be able to resolve this today. I have canceled this PO as we do not ship to the U.S. Virgin Islands. No further action is needed at this time. We want to make sure all your concerns are heard, so if this issue persists, please feel free to reach back out in this thread, and I will be happy to further assist. Otherwise, if I've resolved your concerns for the time being, I hope you have a great day! Help us improve by sharing your feedback. You will receive an email shortly with a survey, or you can provide feedback on any closed tickets in Partner Home. We sincerely value your partnership. Thank you,",尊敬的[supplier name]供应商团队，您好： 感谢您的联系。对于给您带来的不便，我深表歉意。我今天就能解决这个问题。 由于我们不向美属维尔京群岛发货，我已经取消了此采购订单。目前无需采取任何进一步措施。 我们希望确保您的所有问题都能得到解决，如果此问题仍然存在，请随时在此工单中联系我们，我将很乐意为您提供进一步的帮助。如果目前您的问题已得到解决，祝您一切顺利！ 谢谢，顺颂商祺！ [Agent Name] 请分享您的反馈，帮助我们改进服务。稍后您将收到一封包含调查问卷的电子邮件，或者您也可以在Partner Home上对任何已关闭的工单提供反馈。我们非常重视与您的合作。,